nmc-expenditure,p,bud-data,nmc-title,p2,bud-data2,nmc-chapter,p22,bud-data22,nmc-article,p222,bud-data222,nmc-item,p2222,bud-data2222,p22222,amounts,amount,figure
nmc-expenditure,EXPENDITURE,,nmc-title,PERSONS WORKING WITH THE INSTITUTION,,nmc-chapter,MEMBERS OF THE INSTITUTION,,nmc-article,Salaries and allowances,,nmc-item,Ordinary travel expenses ,bud-data,AM Rapp / Below DB,amounts,amount,65 400 000
nmc-expenditure,EXPENDITURE,,nmc-title,PERSONS WORKING WITH THE INSTITUTION,,nmc-chapter,MEMBERS OF THE INSTITUTION,,nmc-article,Salaries and allowances,,nmc-item,Ordinary travel expenses ,bud-data,AM Rapp / Below DB,amounts,amount,72 343 140
nmc-expenditure,EXPENDITURE,,nmc-title,PERSONS WORKING WITH THE INSTITUTION,,nmc-chapter,MEMBERS OF THE INSTITUTION,,nmc-article,Salaries and allowances,,nmc-item,Ordinary travel expenses ,bud-data,AM Rapp / Below DB,amounts,amount,72 103 309,00
nmc-expenditure,EXPENDITURE,,nmc-title,PERSONS WORKING WITH THE INSTITUTION,,nmc-chapter,MEMBERS OF THE INSTITUTION,,nmc-article,Pensions ,,nmc-item,Retirement pensions,bud-data,AM Rapp / Above DB,amounts,amount,11 744 000
nmc-expenditure,EXPENDITURE,,nmc-title,PERSONS WORKING WITH THE INSTITUTION,,nmc-chapter,MEMBERS OF THE INSTITUTION,,nmc-article,Pensions ,,nmc-item,Retirement pensions,bud-data,AM Rapp / Above DB,amounts,amount,10 818 000
nmc-expenditure,EXPENDITURE,,nmc-title,PERSONS WORKING WITH THE INSTITUTION,,nmc-chapter,MEMBERS OF THE INSTITUTION,,nmc-article,Pensions ,,nmc-item,Retirement pensions,bud-data,AM Rapp / Above DB,amounts,amount,10 086 746,81
nmc-expenditure,EXPENDITURE,,nmc-title,PERSONS WORKING WITH THE INSTITUTION,,nmc-chapter,MEMBERS OF THE INSTITUTION,,nmc-article,Pensions ,,nmc-item,Invalidity pensions,bud-data,AM Rapp / Below DB,amounts,amount,310 000
nmc-expenditure,EXPENDITURE,,nmc-title,PERSONS WORKING WITH THE INSTITUTION,,nmc-chapter,MEMBERS OF THE INSTITUTION,,nmc-article,Pensions ,,nmc-item,Invalidity pensions,bud-data,AM Rapp / Below DB,amounts,amount,395 000
nmc-expenditure,EXPENDITURE,,nmc-title,PERSONS WORKING WITH THE INSTITUTION,,nmc-chapter,MEMBERS OF THE INSTITUTION,,nmc-article,Pensions ,,nmc-item,Invalidity pensions,bud-data,AM Rapp / Below DB,amounts,amount,333 370,72
nmc-expenditure,EXPENDITURE,,nmc-title,PERSONS WORKING WITH THE INSTITUTION,,nmc-chapter,MEMBERS OF THE INSTITUTION,,nmc-article,Pensions ,,nmc-item,Survivors’ pensions,bud-data,AM Rapp / Below DB,amounts,amount,2 810 541
nmc-expenditure,EXPENDITURE,,nmc-title,PERSONS WORKING WITH THE INSTITUTION,,nmc-chapter,MEMBERS OF THE INSTITUTION,,nmc-article,Pensions ,,nmc-item,Survivors’ pensions,bud-data,AM Rapp / Below DB,amounts,amount,2 820 000
nmc-expenditure,EXPENDITURE,,nmc-title,PERSONS WORKING WITH THE INSTITUTION,,nmc-chapter,MEMBERS OF THE INSTITUTION,,nmc-article,Pensions ,,nmc-item,Survivors’ pensions,bud-data,AM Rapp / Below DB,amounts,amount,2 759 882,02
nmc-expenditure,EXPENDITURE,,nmc-title,PERSONS WORKING WITH THE INSTITUTION,,nmc-chapter,OTHER STAFF AND EXTERNAL SERVICES,,nmc-article,Other staff and external persons,,nmc-item,Expenditure on interpretation,bud-data,AM Rapp / Below DB / Remarks,amounts,amount,39 428 991
nmc-expenditure,EXPENDITURE,,nmc-title,PERSONS WORKING WITH THE INSTITUTION,,nmc-chapter,OTHER STAFF AND EXTERNAL SERVICES,,nmc-article,Other staff and external persons,,nmc-item,Expenditure on interpretation,bud-data,AM Rapp / Below DB / Remarks,amounts,amount,53 000 000
nmc-expenditure,EXPENDITURE,,nmc-title,PERSONS WORKING WITH THE INSTITUTION,,nmc-chapter,OTHER STAFF AND EXTERNAL SERVICES,,nmc-article,Other staff and external persons,,nmc-item,Expenditure on interpretation,bud-data,AM Rapp / Below DB / Remarks,amounts,amount,46 000 000,00
nmc-expenditure,EXPENDITURE,,nmc-title,PERSONS WORKING WITH THE INSTITUTION,,nmc-chapter,OTHER STAFF AND EXTERNAL SERVICES,,nmc-article,Other staff and external persons,,nmc-item,Graduate traineeships and exchanges of officials,bud-data,AM Rapp / Remarks only,amounts,amount,7 573 000
nmc-expenditure,EXPENDITURE,,nmc-title,PERSONS WORKING WITH THE INSTITUTION,,nmc-chapter,OTHER STAFF AND EXTERNAL SERVICES,,nmc-article,Other staff and external persons,,nmc-item,Graduate traineeships and exchanges of officials,bud-data,AM Rapp / Remarks only,amounts,amount,8 097 950
nmc-expenditure,EXPENDITURE,,nmc-title,PERSONS WORKING WITH THE INSTITUTION,,nmc-chapter,OTHER STAFF AND EXTERNAL SERVICES,,nmc-article,Other staff and external persons,,nmc-item,Graduate traineeships and exchanges of officials,bud-data,AM Rapp / Remarks only,amounts,amount,6 264 848,03
nmc-expenditure,EXPENDITURE,,nmc-title,PERSONS WORKING WITH THE INSTITUTION,,nmc-chapter,OTHER EXPENDITURE RELATING TO PERSONS WORKING WITH THE INSTITUTION,,nmc-article,Activities relating to all persons working with the institution,,nmc-item,Current operating expenditure for restaurants and canteens,bud-data,AM Rapp / Above DB,amounts,amount,4 050 000
nmc-expenditure,EXPENDITURE,,nmc-title,PERSONS WORKING WITH THE INSTITUTION,,nmc-chapter,OTHER EXPENDITURE RELATING TO PERSONS WORKING WITH THE INSTITUTION,,nmc-article,Activities relating to all persons working with the institution,,nmc-item,Current operating expenditure for restaurants and canteens,bud-data,AM Rapp / Above DB,amounts,amount,3 960 000
nmc-expenditure,EXPENDITURE,,nmc-title,PERSONS WORKING WITH THE INSTITUTION,,nmc-chapter,OTHER EXPENDITURE RELATING TO PERSONS WORKING WITH THE INSTITUTION,,nmc-article,Activities relating to all persons working with the institution,,nmc-item,Current operating expenditure for restaurants and canteens,bud-data,AM Rapp / Above DB,amounts,amount,3 960 000,00
nmc-expenditure,EXPENDITURE,,nmc-title,BUILDINGS, FURNITURE, EQUIPMENT AND MISCELLANEOUS OPERATING EXPENDITURE,,nmc-chapter,Buildings and associated costs,,nmc-article,Buildings,,nmc-item,Rent,bud-data,AM Rapp / Below DB,amounts,amount,30 653 000
nmc-expenditure,EXPENDITURE,,nmc-title,BUILDINGS, FURNITURE, EQUIPMENT AND MISCELLANEOUS OPERATING EXPENDITURE,,nmc-chapter,Buildings and associated costs,,nmc-article,Buildings,,nmc-item,Rent,bud-data,AM Rapp / Below DB,amounts,amount,33 032 000
nmc-expenditure,EXPENDITURE,,nmc-title,BUILDINGS, FURNITURE, EQUIPMENT AND MISCELLANEOUS OPERATING EXPENDITURE,,nmc-chapter,Buildings and associated costs,,nmc-article,Buildings,,nmc-item,Rent,bud-data,AM Rapp / Below DB,amounts,amount,30 359 988,33
nmc-expenditure,EXPENDITURE,,nmc-title,BUILDINGS, FURNITURE, EQUIPMENT AND MISCELLANEOUS OPERATING EXPENDITURE,,nmc-chapter,Buildings and associated costs,,nmc-article,Buildings,,nmc-item,Lease payments,bud-data,AM Rapp / Below DB,amounts,amount,5 419 000
nmc-expenditure,EXPENDITURE,,nmc-title,BUILDINGS, FURNITURE, EQUIPMENT AND MISCELLANEOUS OPERATING EXPENDITURE,,nmc-chapter,Buildings and associated costs,,nmc-article,Buildings,,nmc-item,Lease payments,bud-data,AM Rapp / Below DB,amounts,amount,16 141 000
nmc-expenditure,EXPENDITURE,,nmc-title,BUILDINGS, FURNITURE, EQUIPMENT AND MISCELLANEOUS OPERATING EXPENDITURE,,nmc-chapter,Buildings and associated costs,,nmc-article,Buildings,,nmc-item,Lease payments,bud-data,AM Rapp / Below DB,amounts,amount,33 910 000,00
nmc-expenditure,EXPENDITURE,,nmc-title,BUILDINGS, FURNITURE, EQUIPMENT AND MISCELLANEOUS OPERATING EXPENDITURE,,nmc-chapter,Buildings and associated costs,,nmc-article,Buildings,,nmc-item,Fitting-out of premises,bud-data,AM Rapp / Below DB,amounts,amount,25 471 000
nmc-expenditure,EXPENDITURE,,nmc-title,BUILDINGS, FURNITURE, EQUIPMENT AND MISCELLANEOUS OPERATING EXPENDITURE,,nmc-chapter,Buildings and associated costs,,nmc-article,Buildings,,nmc-item,Fitting-out of premises,bud-data,AM Rapp / Below DB,amounts,amount,39 459 000
nmc-expenditure,EXPENDITURE,,nmc-title,BUILDINGS, FURNITURE, EQUIPMENT AND MISCELLANEOUS OPERATING EXPENDITURE,,nmc-chapter,Buildings and associated costs,,nmc-article,Buildings,,nmc-item,Fitting-out of premises,bud-data,AM Rapp / Below DB,amounts,amount,34 811 824,36
nmc-expenditure,EXPENDITURE,,nmc-title,EXPENDITURE RESULTING FROM GENERAL FUNCTIONS CARRIED OUT BY THE INSTITUTION,,nmc-chapter,EXPERTISE AND INFORMATION: ACQUISITION, ARCHIVING, PRODUCTION AND DISSEMINATION,,nmc-article,Production and dissemination,,nmc-item,Organisation of seminars, symposia and cultural activities,bud-data,AM Rapp / Remarks only,amounts,amount,6 725 000
nmc-expenditure,EXPENDITURE,,nmc-title,EXPENDITURE RESULTING FROM GENERAL FUNCTIONS CARRIED OUT BY THE INSTITUTION,,nmc-chapter,EXPERTISE AND INFORMATION: ACQUISITION, ARCHIVING, PRODUCTION AND DISSEMINATION,,nmc-article,Production and dissemination,,nmc-item,Organisation of seminars, symposia and cultural activities,bud-data,AM Rapp / Remarks only,amounts,amount,6 830 300
nmc-expenditure,EXPENDITURE,,nmc-title,EXPENDITURE RESULTING FROM GENERAL FUNCTIONS CARRIED OUT BY THE INSTITUTION,,nmc-chapter,EXPERTISE AND INFORMATION: ACQUISITION, ARCHIVING, PRODUCTION AND DISSEMINATION,,nmc-article,Production and dissemination,,nmc-item,Organisation of seminars, symposia and cultural activities,bud-data,AM Rapp / Remarks only,amounts,amount,3 664 747,54
nmc-expenditure,p,bud-data,nmc-title,p2,bud-data2,nmc-chapter,p22,bud-data22,nmc-article,p222,bud-data222,nmc-item,p2222,bud-data2222,amounts,amount,figure
nmc-expenditure,EXPENDITURE,,nmc-title,PERSONS WORKING WITH THE INSTITUTION,,nmc-chapter,MEMBERS OF THE INSTITUTION,,nmc-article,Salaries and allowances,,nmc-item,Other travel expenses  ,bud-data,amounts,amount,6 800 000
nmc-expenditure,EXPENDITURE,,nmc-title,PERSONS WORKING WITH THE INSTITUTION,,nmc-chapter,MEMBERS OF THE INSTITUTION,,nmc-article,Salaries and allowances,,nmc-item,Other travel expenses  ,bud-data,amounts,amount,5 054 639
nmc-expenditure,EXPENDITURE,,nmc-title,PERSONS WORKING WITH THE INSTITUTION,,nmc-chapter,MEMBERS OF THE INSTITUTION,,nmc-article,Salaries and allowances,,nmc-item,Other travel expenses  ,bud-data,amounts,amount,6 731 097,00
nmc-expenditure,EXPENDITURE,,nmc-title,PERSONS WORKING WITH THE INSTITUTION,,nmc-chapter,MEMBERS OF THE INSTITUTION,,nmc-article,Salaries and allowances,,nmc-item,General expenditure allowance,bud-data,amounts,amount,43 418 000
nmc-expenditure,EXPENDITURE,,nmc-title,PERSONS WORKING WITH THE INSTITUTION,,nmc-chapter,MEMBERS OF THE INSTITUTION,,nmc-article,Salaries and allowances,,nmc-item,General expenditure allowance,bud-data,amounts,amount,39 388 525
nmc-expenditure,EXPENDITURE,,nmc-title,PERSONS WORKING WITH THE INSTITUTION,,nmc-chapter,MEMBERS OF THE INSTITUTION,,nmc-article,Salaries and allowances,,nmc-item,General expenditure allowance,bud-data,amounts,amount,39 000 931,50
nmc-expenditure,EXPENDITURE,,nmc-title,PERSONS WORKING WITH THE INSTITUTION,,nmc-chapter,MEMBERS OF THE INSTITUTION,,nmc-article,Salaries and allowances,,nmc-item,Allowances for performance of duties,bud-data,amounts,amount,180 000
nmc-expenditure,EXPENDITURE,,nmc-title,PERSONS WORKING WITH THE INSTITUTION,,nmc-chapter,MEMBERS OF THE INSTITUTION,,nmc-article,Salaries and allowances,,nmc-item,Allowances for performance of duties,bud-data,amounts,amount,184 000
nmc-expenditure,EXPENDITURE,,nmc-title,PERSONS WORKING WITH THE INSTITUTION,,nmc-chapter,MEMBERS OF THE INSTITUTION,,nmc-article,Salaries and allowances,,nmc-item,Allowances for performance of duties,bud-data,amounts,amount,173 914,00
nmc-expenditure,EXPENDITURE,,nmc-title,PERSONS WORKING WITH THE INSTITUTION,,nmc-chapter,MEMBERS OF THE INSTITUTION,,nmc-article,Accident and sickness insurance and other welfare measures,,nmc-item,Accident and sickness insurance and other social security charges,bud-data,amounts,amount,3 368 000
nmc-expenditure,EXPENDITURE,,nmc-title,PERSONS WORKING WITH THE INSTITUTION,,nmc-chapter,MEMBERS OF THE INSTITUTION,,nmc-article,Accident and sickness insurance and other welfare measures,,nmc-item,Accident and sickness insurance and other social security charges,bud-data,amounts,amount,2 769 000
nmc-expenditure,EXPENDITURE,,nmc-title,PERSONS WORKING WITH THE INSTITUTION,,nmc-chapter,MEMBERS OF THE INSTITUTION,,nmc-article,Accident and sickness insurance and other welfare measures,,nmc-item,Accident and sickness insurance and other social security charges,bud-data,amounts,amount,2 447 378,97
nmc-expenditure,EXPENDITURE,,nmc-title,PERSONS WORKING WITH THE INSTITUTION,,nmc-chapter,MEMBERS OF THE INSTITUTION,,nmc-article,Accident and sickness insurance and other welfare measures,,nmc-item,Specific measures to assist disabled Members,bud-data,amounts,amount,301 000
nmc-expenditure,EXPENDITURE,,nmc-title,PERSONS WORKING WITH THE INSTITUTION,,nmc-chapter,MEMBERS OF THE INSTITUTION,,nmc-article,Accident and sickness insurance and other welfare measures,,nmc-item,Specific measures to assist disabled Members,bud-data,amounts,amount,384 000
nmc-expenditure,EXPENDITURE,,nmc-title,PERSONS WORKING WITH THE INSTITUTION,,nmc-chapter,MEMBERS OF THE INSTITUTION,,nmc-article,Accident and sickness insurance and other welfare measures,,nmc-item,Specific measures to assist disabled Members,bud-data,amounts,amount,241 863,83
nmc-expenditure,EXPENDITURE,,nmc-title,PERSONS WORKING WITH THE INSTITUTION,,nmc-chapter,MEMBERS OF THE INSTITUTION,,nmc-article,Pensions ,,nmc-item,Optional pension scheme for Members,bud-data,amounts,amount,32 000
nmc-expenditure,EXPENDITURE,,nmc-title,PERSONS WORKING WITH THE INSTITUTION,,nmc-chapter,MEMBERS OF THE INSTITUTION,,nmc-article,Pensions ,,nmc-item,Optional pension scheme for Members,bud-data,amounts,amount,31 000
nmc-expenditure,EXPENDITURE,,nmc-title,PERSONS WORKING WITH THE INSTITUTION,,nmc-chapter,MEMBERS OF THE INSTITUTION,,nmc-article,Pensions ,,nmc-item,Optional pension scheme for Members,bud-data,amounts,amount,35 653,70
nmc-expenditure,EXPENDITURE,,nmc-title,PERSONS WORKING WITH THE INSTITUTION,,nmc-chapter,OFFICIALS AND TEMPORARY STAFF,,nmc-article,Remuneration and other entitlements,,nmc-item,Paid overtime,bud-data,amounts,amount,436 740
nmc-expenditure,EXPENDITURE,,nmc-title,PERSONS WORKING WITH THE INSTITUTION,,nmc-chapter,OFFICIALS AND TEMPORARY STAFF,,nmc-article,Remuneration and other entitlements,,nmc-item,Paid overtime,bud-data,amounts,amount,400 000
nmc-expenditure,EXPENDITURE,,nmc-title,PERSONS WORKING WITH THE INSTITUTION,,nmc-chapter,OFFICIALS AND TEMPORARY STAFF,,nmc-article,Remuneration and other entitlements,,nmc-item,Paid overtime,bud-data,amounts,amount,174 999,95
nmc-expenditure,EXPENDITURE,,nmc-title,PERSONS WORKING WITH THE INSTITUTION,,nmc-chapter,OFFICIALS AND TEMPORARY STAFF,,nmc-article,Remuneration and other entitlements,,nmc-item,Entitlements on entering the service, transfer and leaving the service,bud-data,amounts,amount,4 400 000
nmc-expenditure,EXPENDITURE,,nmc-title,PERSONS WORKING WITH THE INSTITUTION,,nmc-chapter,OFFICIALS AND TEMPORARY STAFF,,nmc-article,Remuneration and other entitlements,,nmc-item,Entitlements on entering the service, transfer and leaving the service,bud-data,amounts,amount,4 460 000
nmc-expenditure,EXPENDITURE,,nmc-title,PERSONS WORKING WITH THE INSTITUTION,,nmc-chapter,OFFICIALS AND TEMPORARY STAFF,,nmc-article,Remuneration and other entitlements,,nmc-item,Entitlements on entering the service, transfer and leaving the service,bud-data,amounts,amount,3 835 000,00
nmc-expenditure,EXPENDITURE,,nmc-title,PERSONS WORKING WITH THE INSTITUTION,,nmc-chapter,OFFICIALS AND TEMPORARY STAFF,,nmc-article,Allowances upon early termination of service,,nmc-item,Allowances for staff retired in the interests of the service,bud-data,amounts,amount,396 000
nmc-expenditure,EXPENDITURE,,nmc-title,PERSONS WORKING WITH THE INSTITUTION,,nmc-chapter,OFFICIALS AND TEMPORARY STAFF,,nmc-article,Allowances upon early termination of service,,nmc-item,Allowances for staff retired in the interests of the service,bud-data,amounts,amount,391 400
nmc-expenditure,EXPENDITURE,,nmc-title,PERSONS WORKING WITH THE INSTITUTION,,nmc-chapter,OFFICIALS AND TEMPORARY STAFF,,nmc-article,Allowances upon early termination of service,,nmc-item,Allowances for staff retired in the interests of the service,bud-data,amounts,amount,363 779,83
nmc-expenditure,EXPENDITURE,,nmc-title,PERSONS WORKING WITH THE INSTITUTION,,nmc-chapter,OFFICIALS AND TEMPORARY STAFF,,nmc-article,Allowances upon early termination of service,,nmc-item,Allowances for staff whose service is terminated and special retirement scheme for officials and temporary staff,bud-data,amounts,amount,182 000
nmc-expenditure,EXPENDITURE,,nmc-title,PERSONS WORKING WITH THE INSTITUTION,,nmc-chapter,OFFICIALS AND TEMPORARY STAFF,,nmc-article,Allowances upon early termination of service,,nmc-item,Allowances for staff whose service is terminated and special retirement scheme for officials and temporary staff,bud-data,amounts,amount,552 000
nmc-expenditure,EXPENDITURE,,nmc-title,PERSONS WORKING WITH THE INSTITUTION,,nmc-chapter,OFFICIALS AND TEMPORARY STAFF,,nmc-article,Allowances upon early termination of service,,nmc-item,Allowances for staff whose service is terminated and special retirement scheme for officials and temporary staff,bud-data,amounts,amount,951 911,82
nmc-expenditure,EXPENDITURE,,nmc-title,PERSONS WORKING WITH THE INSTITUTION,,nmc-chapter,OTHER STAFF AND EXTERNAL SERVICES,,nmc-article,External translation services,,nmc-item,External translation services,bud-data,amounts,amount,7 000 000
nmc-expenditure,EXPENDITURE,,nmc-title,PERSONS WORKING WITH THE INSTITUTION,,nmc-chapter,OTHER STAFF AND EXTERNAL SERVICES,,nmc-article,External translation services,,nmc-item,External translation services,bud-data,amounts,amount,15 800 000
nmc-expenditure,EXPENDITURE,,nmc-title,PERSONS WORKING WITH THE INSTITUTION,,nmc-chapter,OTHER STAFF AND EXTERNAL SERVICES,,nmc-article,External translation services,,nmc-item,External translation services,bud-data,amounts,amount,14 587 632,99
nmc-expenditure,EXPENDITURE,,nmc-title,PERSONS WORKING WITH THE INSTITUTION,,nmc-chapter,OTHER STAFF AND EXTERNAL SERVICES,,nmc-article,External translation services,,nmc-item,Interinstitutional cooperation activities in the language field,bud-data,amounts,amount,379 000
nmc-expenditure,EXPENDITURE,,nmc-title,PERSONS WORKING WITH THE INSTITUTION,,nmc-chapter,OTHER STAFF AND EXTERNAL SERVICES,,nmc-article,External translation services,,nmc-item,Interinstitutional cooperation activities in the language field,bud-data,amounts,amount,374 000
nmc-expenditure,EXPENDITURE,,nmc-title,PERSONS WORKING WITH THE INSTITUTION,,nmc-chapter,OTHER STAFF AND EXTERNAL SERVICES,,nmc-article,External translation services,,nmc-item,Interinstitutional cooperation activities in the language field,bud-data,amounts,amount,374 729,31
nmc-expenditure,EXPENDITURE,,nmc-title,PERSONS WORKING WITH THE INSTITUTION,,nmc-chapter,OTHER EXPENDITURE RELATING TO PERSONS WORKING WITH THE INSTITUTION,,nmc-article,Expenditure relating to staff management,,nmc-item,Expenditure on recruitment,bud-data,amounts,amount,446 000
nmc-expenditure,EXPENDITURE,,nmc-title,PERSONS WORKING WITH THE INSTITUTION,,nmc-chapter,OTHER EXPENDITURE RELATING TO PERSONS WORKING WITH THE INSTITUTION,,nmc-article,Expenditure relating to staff management,,nmc-item,Expenditure on recruitment,bud-data,amounts,amount,378 850
nmc-expenditure,EXPENDITURE,,nmc-title,PERSONS WORKING WITH THE INSTITUTION,,nmc-chapter,OTHER EXPENDITURE RELATING TO PERSONS WORKING WITH THE INSTITUTION,,nmc-article,Expenditure relating to staff management,,nmc-item,Expenditure on recruitment,bud-data,amounts,amount,280 000,00
nmc-expenditure,EXPENDITURE,,nmc-title,PERSONS WORKING WITH THE INSTITUTION,,nmc-chapter,OTHER EXPENDITURE RELATING TO PERSONS WORKING WITH THE INSTITUTION,,nmc-article,Expenditure relating to staff management,,nmc-item,Further training,bud-data,amounts,amount,4 990 000
nmc-expenditure,EXPENDITURE,,nmc-title,PERSONS WORKING WITH THE INSTITUTION,,nmc-chapter,OTHER EXPENDITURE RELATING TO PERSONS WORKING WITH THE INSTITUTION,,nmc-article,Expenditure relating to staff management,,nmc-item,Further training,bud-data,amounts,amount,4 850 000
nmc-expenditure,EXPENDITURE,,nmc-title,PERSONS WORKING WITH THE INSTITUTION,,nmc-chapter,OTHER EXPENDITURE RELATING TO PERSONS WORKING WITH THE INSTITUTION,,nmc-article,Expenditure relating to staff management,,nmc-item,Further training,bud-data,amounts,amount,4 177 428,46
nmc-expenditure,EXPENDITURE,,nmc-title,PERSONS WORKING WITH THE INSTITUTION,,nmc-chapter,OTHER EXPENDITURE RELATING TO PERSONS WORKING WITH THE INSTITUTION,,nmc-article,Measures to assist the institution's staff,,nmc-item,Social welfare,bud-data,amounts,amount,719 500
nmc-expenditure,EXPENDITURE,,nmc-title,PERSONS WORKING WITH THE INSTITUTION,,nmc-chapter,OTHER EXPENDITURE RELATING TO PERSONS WORKING WITH THE INSTITUTION,,nmc-article,Measures to assist the institution's staff,,nmc-item,Social welfare,bud-data,amounts,amount,718 000
nmc-expenditure,EXPENDITURE,,nmc-title,PERSONS WORKING WITH THE INSTITUTION,,nmc-chapter,OTHER EXPENDITURE RELATING TO PERSONS WORKING WITH THE INSTITUTION,,nmc-article,Measures to assist the institution's staff,,nmc-item,Social welfare,bud-data,amounts,amount,528 784,06
nmc-expenditure,EXPENDITURE,,nmc-title,PERSONS WORKING WITH THE INSTITUTION,,nmc-chapter,OTHER EXPENDITURE RELATING TO PERSONS WORKING WITH THE INSTITUTION,,nmc-article,Measures to assist the institution's staff,,nmc-item,Social contacts between members of staff and other social measures,bud-data,amounts,amount,271 000
nmc-expenditure,EXPENDITURE,,nmc-title,PERSONS WORKING WITH THE INSTITUTION,,nmc-chapter,OTHER EXPENDITURE RELATING TO PERSONS WORKING WITH THE INSTITUTION,,nmc-article,Measures to assist the institution's staff,,nmc-item,Social contacts between members of staff and other social measures,bud-data,amounts,amount,305 000
nmc-expenditure,EXPENDITURE,,nmc-title,PERSONS WORKING WITH THE INSTITUTION,,nmc-chapter,OTHER EXPENDITURE RELATING TO PERSONS WORKING WITH THE INSTITUTION,,nmc-article,Measures to assist the institution's staff,,nmc-item,Social contacts between members of staff and other social measures,bud-data,amounts,amount,290 634,40
nmc-expenditure,EXPENDITURE,,nmc-title,PERSONS WORKING WITH THE INSTITUTION,,nmc-chapter,OTHER EXPENDITURE RELATING TO PERSONS WORKING WITH THE INSTITUTION,,nmc-article,Activities relating to all persons working with the institution,,nmc-item,Medical service,bud-data,amounts,amount,1 285 000
nmc-expenditure,EXPENDITURE,,nmc-title,PERSONS WORKING WITH THE INSTITUTION,,nmc-chapter,OTHER EXPENDITURE RELATING TO PERSONS WORKING WITH THE INSTITUTION,,nmc-article,Activities relating to all persons working with the institution,,nmc-item,Medical service,bud-data,amounts,amount,1 285 000
nmc-expenditure,EXPENDITURE,,nmc-title,PERSONS WORKING WITH THE INSTITUTION,,nmc-chapter,OTHER EXPENDITURE RELATING TO PERSONS WORKING WITH THE INSTITUTION,,nmc-article,Activities relating to all persons working with the institution,,nmc-item,Medical service,bud-data,amounts,amount,1 002 407,93
nmc-expenditure,EXPENDITURE,,nmc-title,PERSONS WORKING WITH THE INSTITUTION,,nmc-chapter,OTHER EXPENDITURE RELATING TO PERSONS WORKING WITH THE INSTITUTION,,nmc-article,Activities relating to all persons working with the institution,,nmc-item,Early Childhood Centre and approved day nurseries,bud-data,amounts,amount,6 277 500
nmc-expenditure,EXPENDITURE,,nmc-title,PERSONS WORKING WITH THE INSTITUTION,,nmc-chapter,OTHER EXPENDITURE RELATING TO PERSONS WORKING WITH THE INSTITUTION,,nmc-article,Activities relating to all persons working with the institution,,nmc-item,Early Childhood Centre and approved day nurseries,bud-data,amounts,amount,6 683 000
nmc-expenditure,EXPENDITURE,,nmc-title,PERSONS WORKING WITH THE INSTITUTION,,nmc-chapter,OTHER EXPENDITURE RELATING TO PERSONS WORKING WITH THE INSTITUTION,,nmc-article,Activities relating to all persons working with the institution,,nmc-item,Early Childhood Centre and approved day nurseries,bud-data,amounts,amount,5 840 795,58
nmc-expenditure,EXPENDITURE,,nmc-title,BUILDINGS, FURNITURE, EQUIPMENT AND MISCELLANEOUS OPERATING EXPENDITURE,,nmc-chapter,Buildings and associated costs,,nmc-article,Buildings,,nmc-item,Acquisition of immovable property,bud-data,amounts,amount,p.m.
nmc-expenditure,EXPENDITURE,,nmc-title,BUILDINGS, FURNITURE, EQUIPMENT AND MISCELLANEOUS OPERATING EXPENDITURE,,nmc-chapter,Buildings and associated costs,,nmc-article,Buildings,,nmc-item,Acquisition of immovable property,bud-data,amounts,amount,p.m.
nmc-expenditure,EXPENDITURE,,nmc-title,BUILDINGS, FURNITURE, EQUIPMENT AND MISCELLANEOUS OPERATING EXPENDITURE,,nmc-chapter,Buildings and associated costs,,nmc-article,Buildings,,nmc-item,Acquisition of immovable property,bud-data,amounts,amount,38 753 000,00
nmc-expenditure,EXPENDITURE,,nmc-title,BUILDINGS, FURNITURE, EQUIPMENT AND MISCELLANEOUS OPERATING EXPENDITURE,,nmc-chapter,Buildings and associated costs,,nmc-article,Buildings,,nmc-item,Construction of buildings,bud-data,amounts,amount,25 465 000
nmc-expenditure,EXPENDITURE,,nmc-title,BUILDINGS, FURNITURE, EQUIPMENT AND MISCELLANEOUS OPERATING EXPENDITURE,,nmc-chapter,Buildings and associated costs,,nmc-article,Buildings,,nmc-item,Construction of buildings,bud-data,amounts,amount,7 213 000
nmc-expenditure,EXPENDITURE,,nmc-title,BUILDINGS, FURNITURE, EQUIPMENT AND MISCELLANEOUS OPERATING EXPENDITURE,,nmc-chapter,Buildings and associated costs,,nmc-article,Buildings,,nmc-item,Construction of buildings,bud-data,amounts,amount,4 583 615,66
nmc-expenditure,EXPENDITURE,,nmc-title,BUILDINGS, FURNITURE, EQUIPMENT AND MISCELLANEOUS OPERATING EXPENDITURE,,nmc-chapter,Buildings and associated costs,,nmc-article,Buildings,,nmc-item,Other specific property management arrangements,bud-data,amounts,amount,5 278 000
nmc-expenditure,EXPENDITURE,,nmc-title,BUILDINGS, FURNITURE, EQUIPMENT AND MISCELLANEOUS OPERATING EXPENDITURE,,nmc-chapter,Buildings and associated costs,,nmc-article,Buildings,,nmc-item,Other specific property management arrangements,bud-data,amounts,amount,4 210 000
nmc-expenditure,EXPENDITURE,,nmc-title,BUILDINGS, FURNITURE, EQUIPMENT AND MISCELLANEOUS OPERATING EXPENDITURE,,nmc-chapter,Buildings and associated costs,,nmc-article,Buildings,,nmc-item,Other specific property management arrangements,bud-data,amounts,amount,4 207 679,39
nmc-expenditure,EXPENDITURE,,nmc-title,BUILDINGS, FURNITURE, EQUIPMENT AND MISCELLANEOUS OPERATING EXPENDITURE,,nmc-chapter,Buildings and associated costs,,nmc-article,Expenditure on buildings,,nmc-item,Building maintenance, upkeep, operation and cleaning,bud-data,amounts,amount,60 095 000
nmc-expenditure,EXPENDITURE,,nmc-title,BUILDINGS, FURNITURE, EQUIPMENT AND MISCELLANEOUS OPERATING EXPENDITURE,,nmc-chapter,Buildings and associated costs,,nmc-article,Expenditure on buildings,,nmc-item,Building maintenance, upkeep, operation and cleaning,bud-data,amounts,amount,57 264 000
nmc-expenditure,EXPENDITURE,,nmc-title,BUILDINGS, FURNITURE, EQUIPMENT AND MISCELLANEOUS OPERATING EXPENDITURE,,nmc-chapter,Buildings and associated costs,,nmc-article,Expenditure on buildings,,nmc-item,Building maintenance, upkeep, operation and cleaning,bud-data,amounts,amount,48 638 644,47
nmc-expenditure,EXPENDITURE,,nmc-title,BUILDINGS, FURNITURE, EQUIPMENT AND MISCELLANEOUS OPERATING EXPENDITURE,,nmc-chapter,Buildings and associated costs,,nmc-article,Expenditure on buildings,,nmc-item,Energy consumption,bud-data,amounts,amount,20 937 000
nmc-expenditure,EXPENDITURE,,nmc-title,BUILDINGS, FURNITURE, EQUIPMENT AND MISCELLANEOUS OPERATING EXPENDITURE,,nmc-chapter,Buildings and associated costs,,nmc-article,Expenditure on buildings,,nmc-item,Energy consumption,bud-data,amounts,amount,18 975 000
nmc-expenditure,EXPENDITURE,,nmc-title,BUILDINGS, FURNITURE, EQUIPMENT AND MISCELLANEOUS OPERATING EXPENDITURE,,nmc-chapter,Buildings and associated costs,,nmc-article,Expenditure on buildings,,nmc-item,Energy consumption,bud-data,amounts,amount,17 692 010,38
nmc-expenditure,EXPENDITURE,,nmc-title,BUILDINGS, FURNITURE, EQUIPMENT AND MISCELLANEOUS OPERATING EXPENDITURE,,nmc-chapter,Buildings and associated costs,,nmc-article,Expenditure on buildings,,nmc-item,Security and surveillance of buildings,bud-data,amounts,amount,27 305 000
nmc-expenditure,EXPENDITURE,,nmc-title,BUILDINGS, FURNITURE, EQUIPMENT AND MISCELLANEOUS OPERATING EXPENDITURE,,nmc-chapter,Buildings and associated costs,,nmc-article,Expenditure on buildings,,nmc-item,Security and surveillance of buildings,bud-data,amounts,amount,36 043 268
nmc-expenditure,EXPENDITURE,,nmc-title,BUILDINGS, FURNITURE, EQUIPMENT AND MISCELLANEOUS OPERATING EXPENDITURE,,nmc-chapter,Buildings and associated costs,,nmc-article,Expenditure on buildings,,nmc-item,Security and surveillance of buildings,bud-data,amounts,amount,35 023 713,60
nmc-expenditure,EXPENDITURE,,nmc-title,EXPENDITURE RESULTING FROM GENERAL FUNCTIONS CARRIED OUT BY THE INSTITUTION,,nmc-chapter,MEETINGS AND CONFERENCES,,nmc-article,Miscellaneous expenditure on meetings,,nmc-item,Meetings, congresses and conferences,bud-data,amounts,amount,1 232 500
nmc-expenditure,EXPENDITURE,,nmc-title,EXPENDITURE RESULTING FROM GENERAL FUNCTIONS CARRIED OUT BY THE INSTITUTION,,nmc-chapter,MEETINGS AND CONFERENCES,,nmc-article,Miscellaneous expenditure on meetings,,nmc-item,Meetings, congresses and conferences,bud-data,amounts,amount,1 405 000
nmc-expenditure,EXPENDITURE,,nmc-title,EXPENDITURE RESULTING FROM GENERAL FUNCTIONS CARRIED OUT BY THE INSTITUTION,,nmc-chapter,MEETINGS AND CONFERENCES,,nmc-article,Miscellaneous expenditure on meetings,,nmc-item,Meetings, congresses and conferences,bud-data,amounts,amount,927 388,14
nmc-expenditure,EXPENDITURE,,nmc-title,EXPENDITURE RESULTING FROM GENERAL FUNCTIONS CARRIED OUT BY THE INSTITUTION,,nmc-chapter,MEETINGS AND CONFERENCES,,nmc-article,Miscellaneous expenditure on meetings,,nmc-item,Miscellaneous expenditure for organising parliamentary assemblies, interparliamentary delegations and other delegations,bud-data,amounts,amount,1 039 200
nmc-expenditure,EXPENDITURE,,nmc-title,EXPENDITURE RESULTING FROM GENERAL FUNCTIONS CARRIED OUT BY THE INSTITUTION,,nmc-chapter,MEETINGS AND CONFERENCES,,nmc-article,Miscellaneous expenditure on meetings,,nmc-item,Miscellaneous expenditure for organising parliamentary assemblies, interparliamentary delegations and other delegations,bud-data,amounts,amount,1 473 000
nmc-expenditure,EXPENDITURE,,nmc-title,EXPENDITURE RESULTING FROM GENERAL FUNCTIONS CARRIED OUT BY THE INSTITUTION,,nmc-chapter,MEETINGS AND CONFERENCES,,nmc-article,Miscellaneous expenditure on meetings,,nmc-item,Miscellaneous expenditure for organising parliamentary assemblies, interparliamentary delegations and other delegations,bud-data,amounts,amount,495 311,40
nmc-expenditure,EXPENDITURE,,nmc-title,EXPENDITURE RESULTING FROM GENERAL FUNCTIONS CARRIED OUT BY THE INSTITUTION,,nmc-chapter,MEETINGS AND CONFERENCES,,nmc-article,Miscellaneous expenditure on meetings,,nmc-item,Expenditure on travel agency services,bud-data,amounts,amount,2 100 000
nmc-expenditure,EXPENDITURE,,nmc-title,EXPENDITURE RESULTING FROM GENERAL FUNCTIONS CARRIED OUT BY THE INSTITUTION,,nmc-chapter,MEETINGS AND CONFERENCES,,nmc-article,Miscellaneous expenditure on meetings,,nmc-item,Expenditure on travel agency services,bud-data,amounts,amount,2 124 660
nmc-expenditure,EXPENDITURE,,nmc-title,EXPENDITURE RESULTING FROM GENERAL FUNCTIONS CARRIED OUT BY THE INSTITUTION,,nmc-chapter,MEETINGS AND CONFERENCES,,nmc-article,Miscellaneous expenditure on meetings,,nmc-item,Expenditure on travel agency services,bud-data,amounts,amount,2 006 613,36
nmc-expenditure,EXPENDITURE,,nmc-title,EXPENDITURE RESULTING FROM GENERAL FUNCTIONS CARRIED OUT BY THE INSTITUTION,,nmc-chapter,EXPERTISE AND INFORMATION: ACQUISITION, ARCHIVING, PRODUCTION AND DISSEMINATION,,nmc-article,Acquisition of information and archiving,,nmc-item,Documentation and library expenditure,bud-data,amounts,amount,6 632 676
nmc-expenditure,EXPENDITURE,,nmc-title,EXPENDITURE RESULTING FROM GENERAL FUNCTIONS CARRIED OUT BY THE INSTITUTION,,nmc-chapter,EXPERTISE AND INFORMATION: ACQUISITION, ARCHIVING, PRODUCTION AND DISSEMINATION,,nmc-article,Acquisition of information and archiving,,nmc-item,Documentation and library expenditure,bud-data,amounts,amount,4 927 111
nmc-expenditure,EXPENDITURE,,nmc-title,EXPENDITURE RESULTING FROM GENERAL FUNCTIONS CARRIED OUT BY THE INSTITUTION,,nmc-chapter,EXPERTISE AND INFORMATION: ACQUISITION, ARCHIVING, PRODUCTION AND DISSEMINATION,,nmc-article,Acquisition of information and archiving,,nmc-item,Documentation and library expenditure,bud-data,amounts,amount,3 974 137,06
nmc-expenditure,EXPENDITURE,,nmc-title,EXPENDITURE RESULTING FROM GENERAL FUNCTIONS CARRIED OUT BY THE INSTITUTION,,nmc-chapter,EXPERTISE AND INFORMATION: ACQUISITION, ARCHIVING, PRODUCTION AND DISSEMINATION,,nmc-article,Acquisition of information and archiving,,nmc-item,Expenditure on archive funds,bud-data,amounts,amount,1 600 000
nmc-expenditure,EXPENDITURE,,nmc-title,EXPENDITURE RESULTING FROM GENERAL FUNCTIONS CARRIED OUT BY THE INSTITUTION,,nmc-chapter,EXPERTISE AND INFORMATION: ACQUISITION, ARCHIVING, PRODUCTION AND DISSEMINATION,,nmc-article,Acquisition of information and archiving,,nmc-item,Expenditure on archive funds,bud-data,amounts,amount,1 965 000
nmc-expenditure,EXPENDITURE,,nmc-title,EXPENDITURE RESULTING FROM GENERAL FUNCTIONS CARRIED OUT BY THE INSTITUTION,,nmc-chapter,EXPERTISE AND INFORMATION: ACQUISITION, ARCHIVING, PRODUCTION AND DISSEMINATION,,nmc-article,Acquisition of information and archiving,,nmc-item,Expenditure on archive funds,bud-data,amounts,amount,1 600 767,67
nmc-expenditure,EXPENDITURE,,nmc-title,EXPENDITURE RESULTING FROM GENERAL FUNCTIONS CARRIED OUT BY THE INSTITUTION,,nmc-chapter,EXPERTISE AND INFORMATION: ACQUISITION, ARCHIVING, PRODUCTION AND DISSEMINATION,,nmc-article,Production and dissemination,,nmc-item,Official Journal,bud-data,amounts,amount,4 586 000
nmc-expenditure,EXPENDITURE,,nmc-title,EXPENDITURE RESULTING FROM GENERAL FUNCTIONS CARRIED OUT BY THE INSTITUTION,,nmc-chapter,EXPERTISE AND INFORMATION: ACQUISITION, ARCHIVING, PRODUCTION AND DISSEMINATION,,nmc-article,Production and dissemination,,nmc-item,Official Journal,bud-data,amounts,amount,4 000 000
nmc-expenditure,EXPENDITURE,,nmc-title,EXPENDITURE RESULTING FROM GENERAL FUNCTIONS CARRIED OUT BY THE INSTITUTION,,nmc-chapter,EXPERTISE AND INFORMATION: ACQUISITION, ARCHIVING, PRODUCTION AND DISSEMINATION,,nmc-article,Production and dissemination,,nmc-item,Official Journal,bud-data,amounts,amount,4 055 500,00
nmc-expenditure,EXPENDITURE,,nmc-title,EXPENDITURE RESULTING FROM GENERAL FUNCTIONS CARRIED OUT BY THE INSTITUTION,,nmc-chapter,EXPERTISE AND INFORMATION: ACQUISITION, ARCHIVING, PRODUCTION AND DISSEMINATION,,nmc-article,Production and dissemination,,nmc-item,Digital and traditional publications,bud-data,amounts,amount,5 703 318
nmc-expenditure,EXPENDITURE,,nmc-title,EXPENDITURE RESULTING FROM GENERAL FUNCTIONS CARRIED OUT BY THE INSTITUTION,,nmc-chapter,EXPERTISE AND INFORMATION: ACQUISITION, ARCHIVING, PRODUCTION AND DISSEMINATION,,nmc-article,Production and dissemination,,nmc-item,Digital and traditional publications,bud-data,amounts,amount,5 175 000
nmc-expenditure,EXPENDITURE,,nmc-title,EXPENDITURE RESULTING FROM GENERAL FUNCTIONS CARRIED OUT BY THE INSTITUTION,,nmc-chapter,EXPERTISE AND INFORMATION: ACQUISITION, ARCHIVING, PRODUCTION AND DISSEMINATION,,nmc-article,Production and dissemination,,nmc-item,Digital and traditional publications,bud-data,amounts,amount,5 689 768,59
nmc-expenditure,EXPENDITURE,,nmc-title,EXPENDITURE RESULTING FROM GENERAL FUNCTIONS CARRIED OUT BY THE INSTITUTION,,nmc-chapter,EXPERTISE AND INFORMATION: ACQUISITION, ARCHIVING, PRODUCTION AND DISSEMINATION,,nmc-article,Production and dissemination,,nmc-item,Expenditure on publication, information and participation in public events,bud-data,amounts,amount,21 036 912
nmc-expenditure,EXPENDITURE,,nmc-title,EXPENDITURE RESULTING FROM GENERAL FUNCTIONS CARRIED OUT BY THE INSTITUTION,,nmc-chapter,EXPERTISE AND INFORMATION: ACQUISITION, ARCHIVING, PRODUCTION AND DISSEMINATION,,nmc-article,Production and dissemination,,nmc-item,Expenditure on publication, information and participation in public events,bud-data,amounts,amount,23 755 900
nmc-expenditure,EXPENDITURE,,nmc-title,EXPENDITURE RESULTING FROM GENERAL FUNCTIONS CARRIED OUT BY THE INSTITUTION,,nmc-chapter,EXPERTISE AND INFORMATION: ACQUISITION, ARCHIVING, PRODUCTION AND DISSEMINATION,,nmc-article,Production and dissemination,,nmc-item,Expenditure on publication, information and participation in public events,bud-data,amounts,amount,22 124 435,38
nmc-expenditure,EXPENDITURE,,nmc-title,EXPENDITURE RESULTING FROM GENERAL FUNCTIONS CARRIED OUT BY THE INSTITUTION,,nmc-chapter,EXPERTISE AND INFORMATION: ACQUISITION, ARCHIVING, PRODUCTION AND DISSEMINATION,,nmc-article,Production and dissemination,,nmc-item,Parlamentarium — the European Parliament Visitors’ Centre,bud-data,amounts,amount,4 978 023
nmc-expenditure,EXPENDITURE,,nmc-title,EXPENDITURE RESULTING FROM GENERAL FUNCTIONS CARRIED OUT BY THE INSTITUTION,,nmc-chapter,EXPERTISE AND INFORMATION: ACQUISITION, ARCHIVING, PRODUCTION AND DISSEMINATION,,nmc-article,Production and dissemination,,nmc-item,Parlamentarium — the European Parliament Visitors’ Centre,bud-data,amounts,amount,3 916 000
nmc-expenditure,EXPENDITURE,,nmc-title,EXPENDITURE RESULTING FROM GENERAL FUNCTIONS CARRIED OUT BY THE INSTITUTION,,nmc-chapter,EXPERTISE AND INFORMATION: ACQUISITION, ARCHIVING, PRODUCTION AND DISSEMINATION,,nmc-article,Production and dissemination,,nmc-item,Parlamentarium — the European Parliament Visitors’ Centre,bud-data,amounts,amount,3 462 167,79
nmc-expenditure,EXPENDITURE,,nmc-title,EXPENDITURE RESULTING FROM GENERAL FUNCTIONS CARRIED OUT BY THE INSTITUTION,,nmc-chapter,EXPERTISE AND INFORMATION: ACQUISITION, ARCHIVING, PRODUCTION AND DISSEMINATION,,nmc-article,Production and dissemination,,nmc-item,Organisation and reception of groups of visitors, Euroscola programme and invitations to opinion multipliers from third countries,bud-data,amounts,amount,30 120 500
nmc-expenditure,EXPENDITURE,,nmc-title,EXPENDITURE RESULTING FROM GENERAL FUNCTIONS CARRIED OUT BY THE INSTITUTION,,nmc-chapter,EXPERTISE AND INFORMATION: ACQUISITION, ARCHIVING, PRODUCTION AND DISSEMINATION,,nmc-article,Production and dissemination,,nmc-item,Organisation and reception of groups of visitors, Euroscola programme and invitations to opinion multipliers from third countries,bud-data,amounts,amount,29 996 000
nmc-expenditure,EXPENDITURE,,nmc-title,EXPENDITURE RESULTING FROM GENERAL FUNCTIONS CARRIED OUT BY THE INSTITUTION,,nmc-chapter,EXPERTISE AND INFORMATION: ACQUISITION, ARCHIVING, PRODUCTION AND DISSEMINATION,,nmc-article,Production and dissemination,,nmc-item,Organisation and reception of groups of visitors, Euroscola programme and invitations to opinion multipliers from third countries,bud-data,amounts,amount,27 985 491,28
nmc-expenditure,EXPENDITURE,,nmc-title,EXPENDITURE RESULTING FROM GENERAL FUNCTIONS CARRIED OUT BY THE INSTITUTION,,nmc-chapter,EXPERTISE AND INFORMATION: ACQUISITION, ARCHIVING, PRODUCTION AND DISSEMINATION,,nmc-article,Production and dissemination,,nmc-item,Expenditure on audiovisual information,bud-data,amounts,amount,15 620 000
nmc-expenditure,EXPENDITURE,,nmc-title,EXPENDITURE RESULTING FROM GENERAL FUNCTIONS CARRIED OUT BY THE INSTITUTION,,nmc-chapter,EXPERTISE AND INFORMATION: ACQUISITION, ARCHIVING, PRODUCTION AND DISSEMINATION,,nmc-article,Production and dissemination,,nmc-item,Expenditure on audiovisual information,bud-data,amounts,amount,20 133 700
nmc-expenditure,EXPENDITURE,,nmc-title,EXPENDITURE RESULTING FROM GENERAL FUNCTIONS CARRIED OUT BY THE INSTITUTION,,nmc-chapter,EXPERTISE AND INFORMATION: ACQUISITION, ARCHIVING, PRODUCTION AND DISSEMINATION,,nmc-article,Production and dissemination,,nmc-item,Expenditure on audiovisual information,bud-data,amounts,amount,13 576 010,67
nmc-expenditure,EXPENDITURE,,nmc-title,EXPENDITURE RESULTING FROM GENERAL FUNCTIONS CARRIED OUT BY THE INSTITUTION,,nmc-chapter,EXPERTISE AND INFORMATION: ACQUISITION, ARCHIVING, PRODUCTION AND DISSEMINATION,,nmc-article,Production and dissemination,,nmc-item,Information exchanges with national parliaments,bud-data,amounts,amount,445 000
nmc-expenditure,EXPENDITURE,,nmc-title,EXPENDITURE RESULTING FROM GENERAL FUNCTIONS CARRIED OUT BY THE INSTITUTION,,nmc-chapter,EXPERTISE AND INFORMATION: ACQUISITION, ARCHIVING, PRODUCTION AND DISSEMINATION,,nmc-article,Production and dissemination,,nmc-item,Information exchanges with national parliaments,bud-data,amounts,amount,475 000
nmc-expenditure,EXPENDITURE,,nmc-title,EXPENDITURE RESULTING FROM GENERAL FUNCTIONS CARRIED OUT BY THE INSTITUTION,,nmc-chapter,EXPERTISE AND INFORMATION: ACQUISITION, ARCHIVING, PRODUCTION AND DISSEMINATION,,nmc-article,Production and dissemination,,nmc-item,Information exchanges with national parliaments,bud-data,amounts,amount,130 335,55
nmc-expenditure,p,bud-data,nmc-title,p2,bud-data2,nmc-chapter,p22,bud-data22,nmc-article,p222,bud-data222,amounts,amount,figure
nmc-expenditure,EXPENDITURE,,nmc-title,PERSONS WORKING WITH THE INSTITUTION,,nmc-chapter,MEMBERS OF THE INSTITUTION,,nmc-article,Transitional allowances,bud-data,amounts,amount,15 784 819
nmc-expenditure,EXPENDITURE,,nmc-title,PERSONS WORKING WITH THE INSTITUTION,,nmc-chapter,MEMBERS OF THE INSTITUTION,,nmc-article,Transitional allowances,bud-data,amounts,amount,800 000
nmc-expenditure,EXPENDITURE,,nmc-title,PERSONS WORKING WITH THE INSTITUTION,,nmc-chapter,MEMBERS OF THE INSTITUTION,,nmc-article,Transitional allowances,bud-data,amounts,amount,566 485,13
nmc-expenditure,EXPENDITURE,,nmc-title,PERSONS WORKING WITH THE INSTITUTION,,nmc-chapter,MEMBERS OF THE INSTITUTION,,nmc-article,Language and data-processing courses,bud-data,amounts,amount,500 000
nmc-expenditure,EXPENDITURE,,nmc-title,PERSONS WORKING WITH THE INSTITUTION,,nmc-chapter,MEMBERS OF THE INSTITUTION,,nmc-article,Language and data-processing courses,bud-data,amounts,amount,500 000
nmc-expenditure,EXPENDITURE,,nmc-title,PERSONS WORKING WITH THE INSTITUTION,,nmc-chapter,MEMBERS OF THE INSTITUTION,,nmc-article,Language and data-processing courses,bud-data,amounts,amount,678 941,14
nmc-expenditure,EXPENDITURE,,nmc-title,PERSONS WORKING WITH THE INSTITUTION,,nmc-chapter,MEMBERS OF THE INSTITUTION,,nmc-article,Provisional appropriation,bud-data,amounts,amount,p.m.
nmc-expenditure,EXPENDITURE,,nmc-title,PERSONS WORKING WITH THE INSTITUTION,,nmc-chapter,MEMBERS OF THE INSTITUTION,,nmc-article,Provisional appropriation,bud-data,amounts,amount,p.m.
nmc-expenditure,EXPENDITURE,,nmc-title,PERSONS WORKING WITH THE INSTITUTION,,nmc-chapter,MEMBERS OF THE INSTITUTION,,nmc-article,Provisional appropriation,bud-data,amounts,amount,0,—
nmc-expenditure,EXPENDITURE,,nmc-title,EXPENDITURE RESULTING FROM GENERAL FUNCTIONS CARRIED OUT BY THE INSTITUTION,,nmc-chapter,MEETINGS AND CONFERENCES,,nmc-article,Expenses for staff missions and duty travel between the three places of work,bud-data,amounts,amount,27 600 000
nmc-expenditure,EXPENDITURE,,nmc-title,EXPENDITURE RESULTING FROM GENERAL FUNCTIONS CARRIED OUT BY THE INSTITUTION,,nmc-chapter,MEETINGS AND CONFERENCES,,nmc-article,Expenses for staff missions and duty travel between the three places of work,bud-data,amounts,amount,27 616 000
nmc-expenditure,EXPENDITURE,,nmc-title,EXPENDITURE RESULTING FROM GENERAL FUNCTIONS CARRIED OUT BY THE INSTITUTION,,nmc-chapter,MEETINGS AND CONFERENCES,,nmc-article,Expenses for staff missions and duty travel between the three places of work,bud-data,amounts,amount,25 600 000,00
nmc-expenditure,EXPENDITURE,,nmc-title,EXPENDITURE RESULTING FROM GENERAL FUNCTIONS CARRIED OUT BY THE INSTITUTION,,nmc-chapter,MEETINGS AND CONFERENCES,,nmc-article,Reception and representation expenses,bud-data,amounts,amount,1 333 260
nmc-expenditure,EXPENDITURE,,nmc-title,EXPENDITURE RESULTING FROM GENERAL FUNCTIONS CARRIED OUT BY THE INSTITUTION,,nmc-chapter,MEETINGS AND CONFERENCES,,nmc-article,Reception and representation expenses,bud-data,amounts,amount,1 361 350
nmc-expenditure,EXPENDITURE,,nmc-title,EXPENDITURE RESULTING FROM GENERAL FUNCTIONS CARRIED OUT BY THE INSTITUTION,,nmc-chapter,MEETINGS AND CONFERENCES,,nmc-article,Reception and representation expenses,bud-data,amounts,amount,997 012,13
nmc-expenditure,EXPENDITURE,,nmc-title,EXPENDITURE RESULTING FROM GENERAL FUNCTIONS CARRIED OUT BY THE INSTITUTION,,nmc-chapter,EXPERTISE AND INFORMATION: ACQUISITION, ARCHIVING, PRODUCTION AND DISSEMINATION,,nmc-article,Acquisition of expertise,bud-data,amounts,amount,10 386 000
nmc-expenditure,EXPENDITURE,,nmc-title,EXPENDITURE RESULTING FROM GENERAL FUNCTIONS CARRIED OUT BY THE INSTITUTION,,nmc-chapter,EXPERTISE AND INFORMATION: ACQUISITION, ARCHIVING, PRODUCTION AND DISSEMINATION,,nmc-article,Acquisition of expertise,bud-data,amounts,amount,11 530 000
nmc-expenditure,EXPENDITURE,,nmc-title,EXPENDITURE RESULTING FROM GENERAL FUNCTIONS CARRIED OUT BY THE INSTITUTION,,nmc-chapter,EXPERTISE AND INFORMATION: ACQUISITION, ARCHIVING, PRODUCTION AND DISSEMINATION,,nmc-article,Acquisition of expertise,bud-data,amounts,amount,9 802 864,80
nmc-expenditure,EXPENDITURE,,nmc-title,EXPENDITURE RESULTING FROM GENERAL FUNCTIONS CARRIED OUT BY THE INSTITUTION,,nmc-chapter,EXPERTISE AND INFORMATION: ACQUISITION, ARCHIVING, PRODUCTION AND DISSEMINATION,,nmc-article,Relations with parliaments of third countries and support for parliamentary democracy and human rights,bud-data,amounts,amount,637 500
nmc-expenditure,EXPENDITURE,,nmc-title,EXPENDITURE RESULTING FROM GENERAL FUNCTIONS CARRIED OUT BY THE INSTITUTION,,nmc-chapter,EXPERTISE AND INFORMATION: ACQUISITION, ARCHIVING, PRODUCTION AND DISSEMINATION,,nmc-article,Relations with parliaments of third countries and support for parliamentary democracy and human rights,bud-data,amounts,amount,750 000
nmc-expenditure,EXPENDITURE,,nmc-title,EXPENDITURE RESULTING FROM GENERAL FUNCTIONS CARRIED OUT BY THE INSTITUTION,,nmc-chapter,EXPERTISE AND INFORMATION: ACQUISITION, ARCHIVING, PRODUCTION AND DISSEMINATION,,nmc-article,Relations with parliaments of third countries and support for parliamentary democracy and human rights,bud-data,amounts,amount,409 935,96
nmc-expenditure,EXPENDITURE,,nmc-title,EXPENDITURE RESULTING FROM SPECIAL FUNCTIONS CARRIED OUT BY THE INSTITUTION,,nmc-chapter,EXPENDITURE RELATING TO CERTAIN INSTITUTIONS AND BODIES,,nmc-article,Current administrative expenditure and expenditure relating to the political and information activities of the political groups and non-attached Members,bud-data,amounts,amount,59 800 000
nmc-expenditure,EXPENDITURE,,nmc-title,EXPENDITURE RESULTING FROM SPECIAL FUNCTIONS CARRIED OUT BY THE INSTITUTION,,nmc-chapter,EXPENDITURE RELATING TO CERTAIN INSTITUTIONS AND BODIES,,nmc-article,Current administrative expenditure and expenditure relating to the political and information activities of the political groups and non-attached Members,bud-data,amounts,amount,58 750 000
nmc-expenditure,EXPENDITURE,,nmc-title,EXPENDITURE RESULTING FROM SPECIAL FUNCTIONS CARRIED OUT BY THE INSTITUTION,,nmc-chapter,EXPENDITURE RELATING TO CERTAIN INSTITUTIONS AND BODIES,,nmc-article,Current administrative expenditure and expenditure relating to the political and information activities of the political groups and non-attached Members,bud-data,amounts,amount,57 062 366,62
nmc-expenditure,EXPENDITURE,,nmc-title,EXPENDITURE RESULTING FROM SPECIAL FUNCTIONS CARRIED OUT BY THE INSTITUTION,,nmc-chapter,EXPENDITURE RELATING TO CERTAIN INSTITUTIONS AND BODIES,,nmc-article,Funding of European political parties,bud-data,amounts,amount,27 794 200
nmc-expenditure,EXPENDITURE,,nmc-title,EXPENDITURE RESULTING FROM SPECIAL FUNCTIONS CARRIED OUT BY THE INSTITUTION,,nmc-chapter,EXPENDITURE RELATING TO CERTAIN INSTITUTIONS AND BODIES,,nmc-article,Funding of European political parties,bud-data,amounts,amount,21 794 200
nmc-expenditure,EXPENDITURE,,nmc-title,EXPENDITURE RESULTING FROM SPECIAL FUNCTIONS CARRIED OUT BY THE INSTITUTION,,nmc-chapter,EXPENDITURE RELATING TO CERTAIN INSTITUTIONS AND BODIES,,nmc-article,Funding of European political parties,bud-data,amounts,amount,18 900 000,00
nmc-expenditure,EXPENDITURE,,nmc-title,EXPENDITURE RESULTING FROM SPECIAL FUNCTIONS CARRIED OUT BY THE INSTITUTION,,nmc-chapter,EXPENDITURE RELATING TO CERTAIN INSTITUTIONS AND BODIES,,nmc-article,Funding of European political foundations,bud-data,amounts,amount,13 400 000
nmc-expenditure,EXPENDITURE,,nmc-title,EXPENDITURE RESULTING FROM SPECIAL FUNCTIONS CARRIED OUT BY THE INSTITUTION,,nmc-chapter,EXPENDITURE RELATING TO CERTAIN INSTITUTIONS AND BODIES,,nmc-article,Funding of European political foundations,bud-data,amounts,amount,12 400 000
nmc-expenditure,EXPENDITURE,,nmc-title,EXPENDITURE RESULTING FROM SPECIAL FUNCTIONS CARRIED OUT BY THE INSTITUTION,,nmc-chapter,EXPENDITURE RELATING TO CERTAIN INSTITUTIONS AND BODIES,,nmc-article,Funding of European political foundations,bud-data,amounts,amount,11 955 272,00
nmc-expenditure,p,bud-data,nmc-title,p2,bud-data2,nmc-chapter,p22,bud-data22,nmc-article,p222,p3,bud-data222,amounts,amount,figure
nmc-expenditure,EXPENDITURE,,nmc-title,PERSONS WORKING WITH THE INSTITUTION,,nmc-chapter,OFFICIALS AND TEMPORARY STAFF,,nmc-article,Provisional appropriation,Staff Regulations of Officials of the European Union, and in particular Article 65 thereof and Annex XI thereto.,bud-data,amounts,amount,p.m.
nmc-expenditure,EXPENDITURE,,nmc-title,PERSONS WORKING WITH THE INSTITUTION,,nmc-chapter,OFFICIALS AND TEMPORARY STAFF,,nmc-article,Provisional appropriation,Staff Regulations of Officials of the European Union, and in particular Article 65 thereof and Annex XI thereto.,bud-data,amounts,amount,p.m.
nmc-expenditure,EXPENDITURE,,nmc-title,PERSONS WORKING WITH THE INSTITUTION,,nmc-chapter,OFFICIALS AND TEMPORARY STAFF,,nmc-article,Provisional appropriation,Staff Regulations of Officials of the European Union, and in particular Article 65 thereof and Annex XI thereto.,bud-data,amounts,amount,0,—
nmc-expenditure,EXPENDITURE,,nmc-title,PERSONS WORKING WITH THE INSTITUTION,,nmc-chapter,OTHER STAFF AND EXTERNAL SERVICES,,nmc-article,Provisional appropriation,Conditions of Employment of Other Servants of the European Union.,bud-data,amounts,amount,p.m.
nmc-expenditure,EXPENDITURE,,nmc-title,PERSONS WORKING WITH THE INSTITUTION,,nmc-chapter,OTHER STAFF AND EXTERNAL SERVICES,,nmc-article,Provisional appropriation,Conditions of Employment of Other Servants of the European Union.,bud-data,amounts,amount,p.m.
nmc-expenditure,EXPENDITURE,,nmc-title,PERSONS WORKING WITH THE INSTITUTION,,nmc-chapter,OTHER STAFF AND EXTERNAL SERVICES,,nmc-article,Provisional appropriation,Conditions of Employment of Other Servants of the European Union.,bud-data,amounts,amount,0,—
nmc-expenditure,EXPENDITURE,,nmc-title,BUILDINGS, FURNITURE, EQUIPMENT AND MISCELLANEOUS OPERATING EXPENDITURE,,nmc-chapter,DATA PROCESSING, EQUIPMENT AND MOVABLE PROPERTY,,In connection with public procurement, the institution will consult the other institutions on the contractual terms each of them has obtained.,nmc-article,Furniture ,bud-data,amounts,amount,3 180 000
nmc-expenditure,EXPENDITURE,,nmc-title,BUILDINGS, FURNITURE, EQUIPMENT AND MISCELLANEOUS OPERATING EXPENDITURE,,nmc-chapter,DATA PROCESSING, EQUIPMENT AND MOVABLE PROPERTY,,In connection with public procurement, the institution will consult the other institutions on the contractual terms each of them has obtained.,nmc-article,Furniture ,bud-data,amounts,amount,3 232 500
nmc-expenditure,EXPENDITURE,,nmc-title,BUILDINGS, FURNITURE, EQUIPMENT AND MISCELLANEOUS OPERATING EXPENDITURE,,nmc-chapter,DATA PROCESSING, EQUIPMENT AND MOVABLE PROPERTY,,In connection with public procurement, the institution will consult the other institutions on the contractual terms each of them has obtained.,nmc-article,Furniture ,bud-data,amounts,amount,2 040 859,17
nmc-expenditure,EXPENDITURE,,nmc-title,BUILDINGS, FURNITURE, EQUIPMENT AND MISCELLANEOUS OPERATING EXPENDITURE,,nmc-chapter,CURRENT ADMINISTRATIVE EXPENDITURE,,In connection with public procurement, the institution will consult the other institutions on the contractual terms each of them has obtained.,nmc-article,Legal costs and damages,bud-data,amounts,amount,1 035 000
nmc-expenditure,EXPENDITURE,,nmc-title,BUILDINGS, FURNITURE, EQUIPMENT AND MISCELLANEOUS OPERATING EXPENDITURE,,nmc-chapter,CURRENT ADMINISTRATIVE EXPENDITURE,,In connection with public procurement, the institution will consult the other institutions on the contractual terms each of them has obtained.,nmc-article,Legal costs and damages,bud-data,amounts,amount,1 714 000
nmc-expenditure,EXPENDITURE,,nmc-title,BUILDINGS, FURNITURE, EQUIPMENT AND MISCELLANEOUS OPERATING EXPENDITURE,,nmc-chapter,CURRENT ADMINISTRATIVE EXPENDITURE,,In connection with public procurement, the institution will consult the other institutions on the contractual terms each of them has obtained.,nmc-article,Legal costs and damages,bud-data,amounts,amount,1 433 604,29
nmc-expenditure,EXPENDITURE,,nmc-title,BUILDINGS, FURNITURE, EQUIPMENT AND MISCELLANEOUS OPERATING EXPENDITURE,,nmc-chapter,CURRENT ADMINISTRATIVE EXPENDITURE,,In connection with public procurement, the institution will consult the other institutions on the contractual terms each of them has obtained.,nmc-article,Postage on correspondence and delivery charges,bud-data,amounts,amount,510 000
nmc-expenditure,EXPENDITURE,,nmc-title,BUILDINGS, FURNITURE, EQUIPMENT AND MISCELLANEOUS OPERATING EXPENDITURE,,nmc-chapter,CURRENT ADMINISTRATIVE EXPENDITURE,,In connection with public procurement, the institution will consult the other institutions on the contractual terms each of them has obtained.,nmc-article,Postage on correspondence and delivery charges,bud-data,amounts,amount,357 000
nmc-expenditure,EXPENDITURE,,nmc-title,BUILDINGS, FURNITURE, EQUIPMENT AND MISCELLANEOUS OPERATING EXPENDITURE,,nmc-chapter,CURRENT ADMINISTRATIVE EXPENDITURE,,In connection with public procurement, the institution will consult the other institutions on the contractual terms each of them has obtained.,nmc-article,Postage on correspondence and delivery charges,bud-data,amounts,amount,271 282,65
nmc-expenditure,EXPENDITURE,,nmc-title,BUILDINGS, FURNITURE, EQUIPMENT AND MISCELLANEOUS OPERATING EXPENDITURE,,nmc-chapter,CURRENT ADMINISTRATIVE EXPENDITURE,,In connection with public procurement, the institution will consult the other institutions on the contractual terms each of them has obtained.,nmc-article,Other administrative expenditure,bud-data,amounts,amount,731 500
nmc-expenditure,EXPENDITURE,,nmc-title,BUILDINGS, FURNITURE, EQUIPMENT AND MISCELLANEOUS OPERATING EXPENDITURE,,nmc-chapter,CURRENT ADMINISTRATIVE EXPENDITURE,,In connection with public procurement, the institution will consult the other institutions on the contractual terms each of them has obtained.,nmc-article,Other administrative expenditure,bud-data,amounts,amount,661 500
nmc-expenditure,EXPENDITURE,,nmc-title,BUILDINGS, FURNITURE, EQUIPMENT AND MISCELLANEOUS OPERATING EXPENDITURE,,nmc-chapter,CURRENT ADMINISTRATIVE EXPENDITURE,,In connection with public procurement, the institution will consult the other institutions on the contractual terms each of them has obtained.,nmc-article,Other administrative expenditure,bud-data,amounts,amount,438 222,80
nmc-expenditure,EXPENDITURE,,nmc-title,EXPENDITURE RESULTING FROM GENERAL FUNCTIONS CARRIED OUT BY THE INSTITUTION,,nmc-chapter,EXPERTISE AND INFORMATION: ACQUISITION, ARCHIVING, PRODUCTION AND DISSEMINATION,,nmc-article,Expenditure relating to Information Offices,This appropriation is intended to cover all expenditure (office supplies, telecommunications, delivery charges, handling, transport, miscellaneous incidental expenditure) linked to the Information Offices of the European Parliament.,bud-data,amounts,amount,1 100 000
nmc-expenditure,EXPENDITURE,,nmc-title,EXPENDITURE RESULTING FROM GENERAL FUNCTIONS CARRIED OUT BY THE INSTITUTION,,nmc-chapter,EXPERTISE AND INFORMATION: ACQUISITION, ARCHIVING, PRODUCTION AND DISSEMINATION,,nmc-article,Expenditure relating to Information Offices,This appropriation is intended to cover all expenditure (office supplies, telecommunications, delivery charges, handling, transport, miscellaneous incidental expenditure) linked to the Information Offices of the European Parliament.,bud-data,amounts,amount,1 100 000
nmc-expenditure,EXPENDITURE,,nmc-title,EXPENDITURE RESULTING FROM GENERAL FUNCTIONS CARRIED OUT BY THE INSTITUTION,,nmc-chapter,EXPERTISE AND INFORMATION: ACQUISITION, ARCHIVING, PRODUCTION AND DISSEMINATION,,nmc-article,Expenditure relating to Information Offices,This appropriation is intended to cover all expenditure (office supplies, telecommunications, delivery charges, handling, transport, miscellaneous incidental expenditure) linked to the Information Offices of the European Parliament.,bud-data,amounts,amount,1 100 000,00
nmc-expenditure,EXPENDITURE,,nmc-title,EXPENDITURE RESULTING FROM SPECIAL FUNCTIONS CARRIED OUT BY THE INSTITUTION,,nmc-chapter,MEETINGS AND OTHER ACTIVITIES OF CURRENT AND FORMER MEMBERS,,nmc-article,Cost of meetings and other activities of former Members,This appropriation is intended to cover the cost of meetings of the association of former Members of the European Parliament plus any other associated costs, if appropriate.,bud-data,amounts,amount,200 000
nmc-expenditure,EXPENDITURE,,nmc-title,EXPENDITURE RESULTING FROM SPECIAL FUNCTIONS CARRIED OUT BY THE INSTITUTION,,nmc-chapter,MEETINGS AND OTHER ACTIVITIES OF CURRENT AND FORMER MEMBERS,,nmc-article,Cost of meetings and other activities of former Members,This appropriation is intended to cover the cost of meetings of the association of former Members of the European Parliament plus any other associated costs, if appropriate.,bud-data,amounts,amount,200 000
nmc-expenditure,EXPENDITURE,,nmc-title,EXPENDITURE RESULTING FROM SPECIAL FUNCTIONS CARRIED OUT BY THE INSTITUTION,,nmc-chapter,MEETINGS AND OTHER ACTIVITIES OF CURRENT AND FORMER MEMBERS,,nmc-article,Cost of meetings and other activities of former Members,This appropriation is intended to cover the cost of meetings of the association of former Members of the European Parliament plus any other associated costs, if appropriate.,bud-data,amounts,amount,200 000,00
nmc-expenditure,EXPENDITURE,,nmc-title,EXPENDITURE RESULTING FROM SPECIAL FUNCTIONS CARRIED OUT BY THE INSTITUTION,,nmc-chapter,MEETINGS AND OTHER ACTIVITIES OF CURRENT AND FORMER MEMBERS,,nmc-article,Cost of meetings and other activities of the European Parliamentary Association,This appropriation is intended to cover the cost of meetings of the European Parliamentary Association plus, if appropriate, any other associated costs.,bud-data,amounts,amount,200 000
nmc-expenditure,EXPENDITURE,,nmc-title,EXPENDITURE RESULTING FROM SPECIAL FUNCTIONS CARRIED OUT BY THE INSTITUTION,,nmc-chapter,MEETINGS AND OTHER ACTIVITIES OF CURRENT AND FORMER MEMBERS,,nmc-article,Cost of meetings and other activities of the European Parliamentary Association,This appropriation is intended to cover the cost of meetings of the European Parliamentary Association plus, if appropriate, any other associated costs.,bud-data,amounts,amount,175 000
nmc-expenditure,EXPENDITURE,,nmc-title,EXPENDITURE RESULTING FROM SPECIAL FUNCTIONS CARRIED OUT BY THE INSTITUTION,,nmc-chapter,MEETINGS AND OTHER ACTIVITIES OF CURRENT AND FORMER MEMBERS,,nmc-article,Cost of meetings and other activities of the European Parliamentary Association,This appropriation is intended to cover the cost of meetings of the European Parliamentary Association plus, if appropriate, any other associated costs.,bud-data,amounts,amount,160 000,00
nmc-expenditure,p,bud-data,nmc-title,p2,bud-data2,nmc-chapter,p22,bud-data22,nmc-article,p222,bud-data222,nmc-item,p2222,p3,bud-data2222,amounts,amount,figure
nmc-expenditure,EXPENDITURE,,nmc-title,PERSONS WORKING WITH THE INSTITUTION,,nmc-chapter,OTHER STAFF AND EXTERNAL SERVICES,,nmc-article,Other staff and external persons,,nmc-item,Observers,The appropriation is intended to cover the payment of expenses relating to observers, in accordance with Rule 11 of the European Parliament’s Rules of Procedure.,bud-data,amounts,amount,p.m.
nmc-expenditure,EXPENDITURE,,nmc-title,PERSONS WORKING WITH THE INSTITUTION,,nmc-chapter,OTHER STAFF AND EXTERNAL SERVICES,,nmc-article,Other staff and external persons,,nmc-item,Observers,The appropriation is intended to cover the payment of expenses relating to observers, in accordance with Rule 11 of the European Parliament’s Rules of Procedure.,bud-data,amounts,amount,447 449
nmc-expenditure,EXPENDITURE,,nmc-title,PERSONS WORKING WITH THE INSTITUTION,,nmc-chapter,OTHER STAFF AND EXTERNAL SERVICES,,nmc-article,Other staff and external persons,,nmc-item,Observers,The appropriation is intended to cover the payment of expenses relating to observers, in accordance with Rule 11 of the European Parliament’s Rules of Procedure.,bud-data,amounts,amount,465 000,00
nmc-expenditure,EXPENDITURE,,nmc-title,PERSONS WORKING WITH THE INSTITUTION,,nmc-chapter,OTHER EXPENDITURE RELATING TO PERSONS WORKING WITH THE INSTITUTION,,nmc-article,Measures to assist the institution's staff,,nmc-item,Mobility,This appropriation is intended to cover expenditure relating to mobility at the various places of work.,bud-data,amounts,amount,800 000
nmc-expenditure,EXPENDITURE,,nmc-title,PERSONS WORKING WITH THE INSTITUTION,,nmc-chapter,OTHER EXPENDITURE RELATING TO PERSONS WORKING WITH THE INSTITUTION,,nmc-article,Measures to assist the institution's staff,,nmc-item,Mobility,This appropriation is intended to cover expenditure relating to mobility at the various places of work.,bud-data,amounts,amount,1 000 000
nmc-expenditure,EXPENDITURE,,nmc-title,PERSONS WORKING WITH THE INSTITUTION,,nmc-chapter,OTHER EXPENDITURE RELATING TO PERSONS WORKING WITH THE INSTITUTION,,nmc-article,Measures to assist the institution's staff,,nmc-item,Mobility,This appropriation is intended to cover expenditure relating to mobility at the various places of work.,bud-data,amounts,amount,619 772,38
nmc-expenditure,EXPENDITURE,,nmc-title,BUILDINGS, FURNITURE, EQUIPMENT AND MISCELLANEOUS OPERATING EXPENDITURE,,nmc-chapter,Buildings and associated costs,,nmc-article,Expenditure on buildings,,nmc-item,Insurance,This appropriation is intended to cover payments in respect of insurance policy premiums.,bud-data,amounts,amount,1 020 000
nmc-expenditure,EXPENDITURE,,nmc-title,BUILDINGS, FURNITURE, EQUIPMENT AND MISCELLANEOUS OPERATING EXPENDITURE,,nmc-chapter,Buildings and associated costs,,nmc-article,Expenditure on buildings,,nmc-item,Insurance,This appropriation is intended to cover payments in respect of insurance policy premiums.,bud-data,amounts,amount,991 000
nmc-expenditure,EXPENDITURE,,nmc-title,BUILDINGS, FURNITURE, EQUIPMENT AND MISCELLANEOUS OPERATING EXPENDITURE,,nmc-chapter,Buildings and associated costs,,nmc-article,Expenditure on buildings,,nmc-item,Insurance,This appropriation is intended to cover payments in respect of insurance policy premiums.,bud-data,amounts,amount,884 452,30
nmc-expenditure,EXPENDITURE,,nmc-title,BUILDINGS, FURNITURE, EQUIPMENT AND MISCELLANEOUS OPERATING EXPENDITURE,,nmc-chapter,DATA PROCESSING, EQUIPMENT AND MOVABLE PROPERTY,,In connection with public procurement, the institution will consult the other institutions on the contractual terms each of them has obtained.,nmc-article,Computing and telecommunications,,nmc-item,Computing and telecommunications: business as usual — Operations,bud-data,amounts,amount,25 862 503
nmc-expenditure,EXPENDITURE,,nmc-title,BUILDINGS, FURNITURE, EQUIPMENT AND MISCELLANEOUS OPERATING EXPENDITURE,,nmc-chapter,DATA PROCESSING, EQUIPMENT AND MOVABLE PROPERTY,,In connection with public procurement, the institution will consult the other institutions on the contractual terms each of them has obtained.,nmc-article,Computing and telecommunications,,nmc-item,Computing and telecommunications: business as usual — Operations,bud-data,amounts,amount,25 820 534
nmc-expenditure,EXPENDITURE,,nmc-title,BUILDINGS, FURNITURE, EQUIPMENT AND MISCELLANEOUS OPERATING EXPENDITURE,,nmc-chapter,DATA PROCESSING, EQUIPMENT AND MOVABLE PROPERTY,,In connection with public procurement, the institution will consult the other institutions on the contractual terms each of them has obtained.,nmc-article,Computing and telecommunications,,nmc-item,Computing and telecommunications: business as usual — Operations,bud-data,amounts,amount,26 253 905,10
nmc-expenditure,EXPENDITURE,,nmc-title,BUILDINGS, FURNITURE, EQUIPMENT AND MISCELLANEOUS OPERATING EXPENDITURE,,nmc-chapter,DATA PROCESSING, EQUIPMENT AND MOVABLE PROPERTY,,In connection with public procurement, the institution will consult the other institutions on the contractual terms each of them has obtained.,nmc-article,Computing and telecommunications,,nmc-item,Computing and telecommunications: business as usual — Infrastructure,bud-data,amounts,amount,27 478 949
nmc-expenditure,EXPENDITURE,,nmc-title,BUILDINGS, FURNITURE, EQUIPMENT AND MISCELLANEOUS OPERATING EXPENDITURE,,nmc-chapter,DATA PROCESSING, EQUIPMENT AND MOVABLE PROPERTY,,In connection with public procurement, the institution will consult the other institutions on the contractual terms each of them has obtained.,nmc-article,Computing and telecommunications,,nmc-item,Computing and telecommunications: business as usual — Infrastructure,bud-data,amounts,amount,26 553 271
nmc-expenditure,EXPENDITURE,,nmc-title,BUILDINGS, FURNITURE, EQUIPMENT AND MISCELLANEOUS OPERATING EXPENDITURE,,nmc-chapter,DATA PROCESSING, EQUIPMENT AND MOVABLE PROPERTY,,In connection with public procurement, the institution will consult the other institutions on the contractual terms each of them has obtained.,nmc-article,Computing and telecommunications,,nmc-item,Computing and telecommunications: business as usual — Infrastructure,bud-data,amounts,amount,39 048 835,40
nmc-expenditure,EXPENDITURE,,nmc-title,BUILDINGS, FURNITURE, EQUIPMENT AND MISCELLANEOUS OPERATING EXPENDITURE,,nmc-chapter,DATA PROCESSING, EQUIPMENT AND MOVABLE PROPERTY,,In connection with public procurement, the institution will consult the other institutions on the contractual terms each of them has obtained.,nmc-article,Computing and telecommunications,,nmc-item,Computing and telecommunications: business as usual — General support,bud-data,amounts,amount,13 315 983
nmc-expenditure,EXPENDITURE,,nmc-title,BUILDINGS, FURNITURE, EQUIPMENT AND MISCELLANEOUS OPERATING EXPENDITURE,,nmc-chapter,DATA PROCESSING, EQUIPMENT AND MOVABLE PROPERTY,,In connection with public procurement, the institution will consult the other institutions on the contractual terms each of them has obtained.,nmc-article,Computing and telecommunications,,nmc-item,Computing and telecommunications: business as usual — General support,bud-data,amounts,amount,13 453 322
nmc-expenditure,EXPENDITURE,,nmc-title,BUILDINGS, FURNITURE, EQUIPMENT AND MISCELLANEOUS OPERATING EXPENDITURE,,nmc-chapter,DATA PROCESSING, EQUIPMENT AND MOVABLE PROPERTY,,In connection with public procurement, the institution will consult the other institutions on the contractual terms each of them has obtained.,nmc-article,Computing and telecommunications,,nmc-item,Computing and telecommunications: business as usual — General support,bud-data,amounts,amount,12 731 130,91
nmc-expenditure,EXPENDITURE,,nmc-title,BUILDINGS, FURNITURE, EQUIPMENT AND MISCELLANEOUS OPERATING EXPENDITURE,,nmc-chapter,DATA PROCESSING, EQUIPMENT AND MOVABLE PROPERTY,,In connection with public procurement, the institution will consult the other institutions on the contractual terms each of them has obtained.,nmc-article,Computing and telecommunications,,nmc-item,Computing and telecommunications: business as usual — ICT applications management,bud-data,amounts,amount,13 202 000
nmc-expenditure,EXPENDITURE,,nmc-title,BUILDINGS, FURNITURE, EQUIPMENT AND MISCELLANEOUS OPERATING EXPENDITURE,,nmc-chapter,DATA PROCESSING, EQUIPMENT AND MOVABLE PROPERTY,,In connection with public procurement, the institution will consult the other institutions on the contractual terms each of them has obtained.,nmc-article,Computing and telecommunications,,nmc-item,Computing and telecommunications: business as usual — ICT applications management,bud-data,amounts,amount,13 481 040
nmc-expenditure,EXPENDITURE,,nmc-title,BUILDINGS, FURNITURE, EQUIPMENT AND MISCELLANEOUS OPERATING EXPENDITURE,,nmc-chapter,DATA PROCESSING, EQUIPMENT AND MOVABLE PROPERTY,,In connection with public procurement, the institution will consult the other institutions on the contractual terms each of them has obtained.,nmc-article,Computing and telecommunications,,nmc-item,Computing and telecommunications: business as usual — ICT applications management,bud-data,amounts,amount,7 215 561,44
nmc-expenditure,EXPENDITURE,,nmc-title,BUILDINGS, FURNITURE, EQUIPMENT AND MISCELLANEOUS OPERATING EXPENDITURE,,nmc-chapter,DATA PROCESSING, EQUIPMENT AND MOVABLE PROPERTY,,In connection with public procurement, the institution will consult the other institutions on the contractual terms each of them has obtained.,nmc-article,Computing and telecommunications,,nmc-item,Computing and telecommunications: investments — Corporate infrastructure,bud-data,amounts,amount,15 743 215
nmc-expenditure,EXPENDITURE,,nmc-title,BUILDINGS, FURNITURE, EQUIPMENT AND MISCELLANEOUS OPERATING EXPENDITURE,,nmc-chapter,DATA PROCESSING, EQUIPMENT AND MOVABLE PROPERTY,,In connection with public procurement, the institution will consult the other institutions on the contractual terms each of them has obtained.,nmc-article,Computing and telecommunications,,nmc-item,Computing and telecommunications: investments — Corporate infrastructure,bud-data,amounts,amount,16 481 461
nmc-expenditure,EXPENDITURE,,nmc-title,BUILDINGS, FURNITURE, EQUIPMENT AND MISCELLANEOUS OPERATING EXPENDITURE,,nmc-chapter,DATA PROCESSING, EQUIPMENT AND MOVABLE PROPERTY,,In connection with public procurement, the institution will consult the other institutions on the contractual terms each of them has obtained.,nmc-article,Computing and telecommunications,,nmc-item,Computing and telecommunications: investments — Corporate infrastructure,bud-data,amounts,amount,18 992 549,97
nmc-expenditure,EXPENDITURE,,nmc-title,BUILDINGS, FURNITURE, EQUIPMENT AND MISCELLANEOUS OPERATING EXPENDITURE,,nmc-chapter,DATA PROCESSING, EQUIPMENT AND MOVABLE PROPERTY,,In connection with public procurement, the institution will consult the other institutions on the contractual terms each of them has obtained.,nmc-article,Computing and telecommunications,,nmc-item,Computing and telecommunications: investments — Ongoing and new development projects,bud-data,amounts,amount,11 977 727
nmc-expenditure,EXPENDITURE,,nmc-title,BUILDINGS, FURNITURE, EQUIPMENT AND MISCELLANEOUS OPERATING EXPENDITURE,,nmc-chapter,DATA PROCESSING, EQUIPMENT AND MOVABLE PROPERTY,,In connection with public procurement, the institution will consult the other institutions on the contractual terms each of them has obtained.,nmc-article,Computing and telecommunications,,nmc-item,Computing and telecommunications: investments — Ongoing and new development projects,bud-data,amounts,amount,12 298 460
nmc-expenditure,EXPENDITURE,,nmc-title,BUILDINGS, FURNITURE, EQUIPMENT AND MISCELLANEOUS OPERATING EXPENDITURE,,nmc-chapter,DATA PROCESSING, EQUIPMENT AND MOVABLE PROPERTY,,In connection with public procurement, the institution will consult the other institutions on the contractual terms each of them has obtained.,nmc-article,Computing and telecommunications,,nmc-item,Computing and telecommunications: investments — Ongoing and new development projects,bud-data,amounts,amount,15 310 539,51
nmc-expenditure,EXPENDITURE,,nmc-title,EXPENDITURE RESULTING FROM GENERAL FUNCTIONS CARRIED OUT BY THE INSTITUTION,,nmc-chapter,MEETINGS AND CONFERENCES,,nmc-article,Miscellaneous expenditure on meetings,,nmc-item,Miscellaneous expenditure on internal meetings,This appropriation is intended to cover the costs of the beverages, refreshments and occasional light meals served at meetings held by the institution, together with the management costs for these services.,bud-data,amounts,amount,2 250 000
nmc-expenditure,EXPENDITURE,,nmc-title,EXPENDITURE RESULTING FROM GENERAL FUNCTIONS CARRIED OUT BY THE INSTITUTION,,nmc-chapter,MEETINGS AND CONFERENCES,,nmc-article,Miscellaneous expenditure on meetings,,nmc-item,Miscellaneous expenditure on internal meetings,This appropriation is intended to cover the costs of the beverages, refreshments and occasional light meals served at meetings held by the institution, together with the management costs for these services.,bud-data,amounts,amount,2 600 000
nmc-expenditure,EXPENDITURE,,nmc-title,EXPENDITURE RESULTING FROM GENERAL FUNCTIONS CARRIED OUT BY THE INSTITUTION,,nmc-chapter,MEETINGS AND CONFERENCES,,nmc-article,Miscellaneous expenditure on meetings,,nmc-item,Miscellaneous expenditure on internal meetings,This appropriation is intended to cover the costs of the beverages, refreshments and occasional light meals served at meetings held by the institution, together with the management costs for these services.,bud-data,amounts,amount,2 598 000,00
nmc-expenditure,EXPENDITURE,,nmc-title,EXPENDITURE RESULTING FROM GENERAL FUNCTIONS CARRIED OUT BY THE INSTITUTION,,nmc-chapter,EXPERTISE AND INFORMATION: ACQUISITION, ARCHIVING, PRODUCTION AND DISSEMINATION,,nmc-article,Production and dissemination,,nmc-item,Parliamentary television channel (Web TV) ,This appropriation is intended to cover the costs of in-house production and hosting of web clips and broadcast-ready material (EuroparlTV), in line with the European Parliament’s communication strategy.,bud-data,amounts,amount,5 000 000
nmc-expenditure,EXPENDITURE,,nmc-title,EXPENDITURE RESULTING FROM GENERAL FUNCTIONS CARRIED OUT BY THE INSTITUTION,,nmc-chapter,EXPERTISE AND INFORMATION: ACQUISITION, ARCHIVING, PRODUCTION AND DISSEMINATION,,nmc-article,Production and dissemination,,nmc-item,Parliamentary television channel (Web TV) ,This appropriation is intended to cover the costs of in-house production and hosting of web clips and broadcast-ready material (EuroparlTV), in line with the European Parliament’s communication strategy.,bud-data,amounts,amount,8 000 000
nmc-expenditure,EXPENDITURE,,nmc-title,EXPENDITURE RESULTING FROM GENERAL FUNCTIONS CARRIED OUT BY THE INSTITUTION,,nmc-chapter,EXPERTISE AND INFORMATION: ACQUISITION, ARCHIVING, PRODUCTION AND DISSEMINATION,,nmc-article,Production and dissemination,,nmc-item,Parliamentary television channel (Web TV) ,This appropriation is intended to cover the costs of in-house production and hosting of web clips and broadcast-ready material (EuroparlTV), in line with the European Parliament’s communication strategy.,bud-data,amounts,amount,8 391 152,02
nmc-expenditure,p,bud-data,nmc-title,p2,bud-data2,nmc-chapter,p22,bud-data22,p3,nmc-article,p222,bud-data222,p2222,amounts,amount,figure
nmc-expenditure,EXPENDITURE,,nmc-title,BUILDINGS, FURNITURE, EQUIPMENT AND MISCELLANEOUS OPERATING EXPENDITURE,,nmc-chapter,DATA PROCESSING, EQUIPMENT AND MOVABLE PROPERTY,,In connection with public procurement, the institution will consult the other institutions on the contractual terms each of them has obtained.,nmc-article,Technical equipment and installations,bud-data,AM Rapp / Above DB,amounts,amount,22 933 500
nmc-expenditure,EXPENDITURE,,nmc-title,BUILDINGS, FURNITURE, EQUIPMENT AND MISCELLANEOUS OPERATING EXPENDITURE,,nmc-chapter,DATA PROCESSING, EQUIPMENT AND MOVABLE PROPERTY,,In connection with public procurement, the institution will consult the other institutions on the contractual terms each of them has obtained.,nmc-article,Technical equipment and installations,bud-data,AM Rapp / Above DB,amounts,amount,19 585 000
nmc-expenditure,EXPENDITURE,,nmc-title,BUILDINGS, FURNITURE, EQUIPMENT AND MISCELLANEOUS OPERATING EXPENDITURE,,nmc-chapter,DATA PROCESSING, EQUIPMENT AND MOVABLE PROPERTY,,In connection with public procurement, the institution will consult the other institutions on the contractual terms each of them has obtained.,nmc-article,Technical equipment and installations,bud-data,AM Rapp / Above DB,amounts,amount,19 562 814,54
nmc-expenditure,EXPENDITURE,,nmc-title,BUILDINGS, FURNITURE, EQUIPMENT AND MISCELLANEOUS OPERATING EXPENDITURE,,nmc-chapter,DATA PROCESSING, EQUIPMENT AND MOVABLE PROPERTY,,In connection with public procurement, the institution will consult the other institutions on the contractual terms each of them has obtained.,nmc-article,Vehicles,bud-data,AM Rapp / Above DB,amounts,amount,7 265 000
nmc-expenditure,EXPENDITURE,,nmc-title,BUILDINGS, FURNITURE, EQUIPMENT AND MISCELLANEOUS OPERATING EXPENDITURE,,nmc-chapter,DATA PROCESSING, EQUIPMENT AND MOVABLE PROPERTY,,In connection with public procurement, the institution will consult the other institutions on the contractual terms each of them has obtained.,nmc-article,Vehicles,bud-data,AM Rapp / Above DB,amounts,amount,6 068 000
nmc-expenditure,EXPENDITURE,,nmc-title,BUILDINGS, FURNITURE, EQUIPMENT AND MISCELLANEOUS OPERATING EXPENDITURE,,nmc-chapter,DATA PROCESSING, EQUIPMENT AND MOVABLE PROPERTY,,In connection with public procurement, the institution will consult the other institutions on the contractual terms each of them has obtained.,nmc-article,Vehicles,bud-data,AM Rapp / Above DB,amounts,amount,6 104 390,56
nmc-expenditure,EXPENDITURE,,nmc-title,BUILDINGS, FURNITURE, EQUIPMENT AND MISCELLANEOUS OPERATING EXPENDITURE,,nmc-chapter,CURRENT ADMINISTRATIVE EXPENDITURE,,In connection with public procurement, the institution will consult the other institutions on the contractual terms each of them has obtained.,nmc-article,Stationery, office supplies and miscellaneous consumables,bud-data,AM Rapp / Below DB,amounts,amount,2 021 000
nmc-expenditure,EXPENDITURE,,nmc-title,BUILDINGS, FURNITURE, EQUIPMENT AND MISCELLANEOUS OPERATING EXPENDITURE,,nmc-chapter,CURRENT ADMINISTRATIVE EXPENDITURE,,In connection with public procurement, the institution will consult the other institutions on the contractual terms each of them has obtained.,nmc-article,Stationery, office supplies and miscellaneous consumables,bud-data,AM Rapp / Below DB,amounts,amount,2 339 500
nmc-expenditure,EXPENDITURE,,nmc-title,BUILDINGS, FURNITURE, EQUIPMENT AND MISCELLANEOUS OPERATING EXPENDITURE,,nmc-chapter,CURRENT ADMINISTRATIVE EXPENDITURE,,In connection with public procurement, the institution will consult the other institutions on the contractual terms each of them has obtained.,nmc-article,Stationery, office supplies and miscellaneous consumables,bud-data,AM Rapp / Below DB,amounts,amount,2 010 713,84
nmc-expenditure,EXPENDITURE,,nmc-title,BUILDINGS, FURNITURE, EQUIPMENT AND MISCELLANEOUS OPERATING EXPENDITURE,,nmc-chapter,CURRENT ADMINISTRATIVE EXPENDITURE,,In connection with public procurement, the institution will consult the other institutions on the contractual terms each of them has obtained.,nmc-article,Removals,bud-data,AM Rapp / Above DB,amounts,amount,1 620 000
nmc-expenditure,EXPENDITURE,,nmc-title,BUILDINGS, FURNITURE, EQUIPMENT AND MISCELLANEOUS OPERATING EXPENDITURE,,nmc-chapter,CURRENT ADMINISTRATIVE EXPENDITURE,,In connection with public procurement, the institution will consult the other institutions on the contractual terms each of them has obtained.,nmc-article,Removals,bud-data,AM Rapp / Above DB,amounts,amount,1 100 000
nmc-expenditure,EXPENDITURE,,nmc-title,BUILDINGS, FURNITURE, EQUIPMENT AND MISCELLANEOUS OPERATING EXPENDITURE,,nmc-chapter,CURRENT ADMINISTRATIVE EXPENDITURE,,In connection with public procurement, the institution will consult the other institutions on the contractual terms each of them has obtained.,nmc-article,Removals,bud-data,AM Rapp / Above DB,amounts,amount,760 359,86
nmc-expenditure,p,bud-data,nmc-title,p2,bud-data2,nmc-chapter,p22,bud-data22,p3,nmc-article,p222,p32,bud-data222,amounts,amount,figure
nmc-expenditure,EXPENDITURE,,nmc-title,BUILDINGS, FURNITURE, EQUIPMENT AND MISCELLANEOUS OPERATING EXPENDITURE,,nmc-chapter,CURRENT ADMINISTRATIVE EXPENDITURE,,In connection with public procurement, the institution will consult the other institutions on the contractual terms each of them has obtained.,nmc-article,Financial charges,This appropriation is intended to cover bank charges (commission, agios and miscellaneous charges) and other financial charges, including ancillary costs for the financing of buildings.,bud-data,amounts,amount,65 000
nmc-expenditure,EXPENDITURE,,nmc-title,BUILDINGS, FURNITURE, EQUIPMENT AND MISCELLANEOUS OPERATING EXPENDITURE,,nmc-chapter,CURRENT ADMINISTRATIVE EXPENDITURE,,In connection with public procurement, the institution will consult the other institutions on the contractual terms each of them has obtained.,nmc-article,Financial charges,This appropriation is intended to cover bank charges (commission, agios and miscellaneous charges) and other financial charges, including ancillary costs for the financing of buildings.,bud-data,amounts,amount,75 000
nmc-expenditure,EXPENDITURE,,nmc-title,BUILDINGS, FURNITURE, EQUIPMENT AND MISCELLANEOUS OPERATING EXPENDITURE,,nmc-chapter,CURRENT ADMINISTRATIVE EXPENDITURE,,In connection with public procurement, the institution will consult the other institutions on the contractual terms each of them has obtained.,nmc-article,Financial charges,This appropriation is intended to cover bank charges (commission, agios and miscellaneous charges) and other financial charges, including ancillary costs for the financing of buildings.,bud-data,amounts,amount,16 864,00
nmc-expenditure,EXPENDITURE,,nmc-title,BUILDINGS, FURNITURE, EQUIPMENT AND MISCELLANEOUS OPERATING EXPENDITURE,,nmc-chapter,CURRENT ADMINISTRATIVE EXPENDITURE,,In connection with public procurement, the institution will consult the other institutions on the contractual terms each of them has obtained.,nmc-article,European Parliament carbon offsetting scheme,This appropriation is intended to cover expenditure relating to any carbon offsets, as provided for in the EMAS action plan adopted by the Bureau.,bud-data,amounts,amount,250 000
nmc-expenditure,EXPENDITURE,,nmc-title,BUILDINGS, FURNITURE, EQUIPMENT AND MISCELLANEOUS OPERATING EXPENDITURE,,nmc-chapter,CURRENT ADMINISTRATIVE EXPENDITURE,,In connection with public procurement, the institution will consult the other institutions on the contractual terms each of them has obtained.,nmc-article,European Parliament carbon offsetting scheme,This appropriation is intended to cover expenditure relating to any carbon offsets, as provided for in the EMAS action plan adopted by the Bureau.,bud-data,amounts,amount,1 064 000
nmc-expenditure,EXPENDITURE,,nmc-title,BUILDINGS, FURNITURE, EQUIPMENT AND MISCELLANEOUS OPERATING EXPENDITURE,,nmc-chapter,CURRENT ADMINISTRATIVE EXPENDITURE,,In connection with public procurement, the institution will consult the other institutions on the contractual terms each of them has obtained.,nmc-article,European Parliament carbon offsetting scheme,This appropriation is intended to cover expenditure relating to any carbon offsets, as provided for in the EMAS action plan adopted by the Bureau.,bud-data,amounts,amount,89 558,55
nmc-expenditure,p,bud-data,nmc-title,p2,bud-data2,nmc-chapter,p22,table,bud-data22,amounts,amount,figure
nmc-expenditure,EXPENDITURE,,nmc-title,OTHER EXPENDITURE,,nmc-chapter,PROVISIONAL APPROPRIATIONS,,bud-data,amounts,amount,p.m.
nmc-expenditure,EXPENDITURE,,nmc-title,OTHER EXPENDITURE,,nmc-chapter,PROVISIONAL APPROPRIATIONS,,bud-data,amounts,amount,12 912 765
nmc-expenditure,EXPENDITURE,,nmc-title,OTHER EXPENDITURE,,nmc-chapter,PROVISIONAL APPROPRIATIONS,,bud-data,amounts,amount,0,—
nmc-expenditure,p,bud-data,nmc-title,p2,bud-data2,nmc-chapter,p22,p3,bud-data22,amounts,amount,figure
nmc-expenditure,EXPENDITURE,,nmc-title,OTHER EXPENDITURE,,nmc-chapter,CONTINGENCY RESERVE,This appropriation is intended to cover expenditure resulting from budgetary decisions taken in the course of the financial year (expenditure that cannot be estimated).,bud-data,amounts,amount,13 000 000
nmc-expenditure,EXPENDITURE,,nmc-title,OTHER EXPENDITURE,,nmc-chapter,CONTINGENCY RESERVE,This appropriation is intended to cover expenditure resulting from budgetary decisions taken in the course of the financial year (expenditure that cannot be estimated).,bud-data,amounts,amount,9 000 000
nmc-expenditure,EXPENDITURE,,nmc-title,OTHER EXPENDITURE,,nmc-chapter,CONTINGENCY RESERVE,This appropriation is intended to cover expenditure resulting from budgetary decisions taken in the course of the financial year (expenditure that cannot be estimated).,bud-data,amounts,amount,0,—
nmc-expenditure,EXPENDITURE,,nmc-title,OTHER EXPENDITURE,,nmc-chapter,ENLARGEMENT RESERVE,This appropriation is intended to cover the cost of the institution’s preparations for enlargement.,bud-data,amounts,amount,p.m.
nmc-expenditure,EXPENDITURE,,nmc-title,OTHER EXPENDITURE,,nmc-chapter,ENLARGEMENT RESERVE,This appropriation is intended to cover the cost of the institution’s preparations for enlargement.,bud-data,amounts,amount,p.m.
nmc-expenditure,EXPENDITURE,,nmc-title,OTHER EXPENDITURE,,nmc-chapter,ENLARGEMENT RESERVE,This appropriation is intended to cover the cost of the institution’s preparations for enlargement.,bud-data,amounts,amount,0,—
nmc-expenditure,EXPENDITURE,,nmc-title,OTHER EXPENDITURE,,nmc-chapter,RESERVE FOR INFORMATION AND COMMUNICATION POLICY,This appropriation is intended to cover expenditure on information and communication policy.,bud-data,amounts,amount,p.m.
nmc-expenditure,EXPENDITURE,,nmc-title,OTHER EXPENDITURE,,nmc-chapter,RESERVE FOR INFORMATION AND COMMUNICATION POLICY,This appropriation is intended to cover expenditure on information and communication policy.,bud-data,amounts,amount,p.m.
nmc-expenditure,EXPENDITURE,,nmc-title,OTHER EXPENDITURE,,nmc-chapter,RESERVE FOR INFORMATION AND COMMUNICATION POLICY,This appropriation is intended to cover expenditure on information and communication policy.,bud-data,amounts,amount,0,—
nmc-expenditure,EXPENDITURE,,nmc-title,OTHER EXPENDITURE,,nmc-chapter,PROVISIONAL APPROPRIATION FOR BUILDINGS,This appropriation is intended to cover property investments and fitting-out work carried out by the institution. The European Parliament’s Bureau is requested to adopt a coherent and responsible long-term strategy in the area of property and buildings which takes into account the particular problem of increasing maintenance costs, renovation needs and security costs and ensures the sustainability of the European Parliament’s budget.,bud-data,amounts,amount,p.m.
nmc-expenditure,EXPENDITURE,,nmc-title,OTHER EXPENDITURE,,nmc-chapter,PROVISIONAL APPROPRIATION FOR BUILDINGS,This appropriation is intended to cover property investments and fitting-out work carried out by the institution. The European Parliament’s Bureau is requested to adopt a coherent and responsible long-term strategy in the area of property and buildings which takes into account the particular problem of increasing maintenance costs, renovation needs and security costs and ensures the sustainability of the European Parliament’s budget.,bud-data,amounts,amount,p.m.
nmc-expenditure,EXPENDITURE,,nmc-title,OTHER EXPENDITURE,,nmc-chapter,PROVISIONAL APPROPRIATION FOR BUILDINGS,This appropriation is intended to cover property investments and fitting-out work carried out by the institution. The European Parliament’s Bureau is requested to adopt a coherent and responsible long-term strategy in the area of property and buildings which takes into account the particular problem of increasing maintenance costs, renovation needs and security costs and ensures the sustainability of the European Parliament’s budget.,bud-data,amounts,amount,0,—
nmc-expenditure,EXPENDITURE,,nmc-title,OTHER EXPENDITURE,,nmc-chapter,RESERVE FOR PRIORITY PROJECTS UNDER DEVELOPMENT,This appropriation is intended to cover expenditure on the institution’s priority projects under development.,bud-data,amounts,amount,p.m.
nmc-expenditure,EXPENDITURE,,nmc-title,OTHER EXPENDITURE,,nmc-chapter,RESERVE FOR PRIORITY PROJECTS UNDER DEVELOPMENT,This appropriation is intended to cover expenditure on the institution’s priority projects under development.,bud-data,amounts,amount,p.m.
nmc-expenditure,EXPENDITURE,,nmc-title,OTHER EXPENDITURE,,nmc-chapter,RESERVE FOR PRIORITY PROJECTS UNDER DEVELOPMENT,This appropriation is intended to cover expenditure on the institution’s priority projects under development.,bud-data,amounts,amount,0,—
nmc-expenditure,EXPENDITURE,,nmc-title,OTHER EXPENDITURE,,nmc-chapter,EMAS RESERVE,Further to the decisions to be taken by the Bureau for implementation of the EMAS action plan, in particular following the European Parliament’s carbon audit, this appropriation is intended to endow the relevant operational headings.,bud-data,amounts,amount,p.m.
nmc-expenditure,EXPENDITURE,,nmc-title,OTHER EXPENDITURE,,nmc-chapter,EMAS RESERVE,Further to the decisions to be taken by the Bureau for implementation of the EMAS action plan, in particular following the European Parliament’s carbon audit, this appropriation is intended to endow the relevant operational headings.,bud-data,amounts,amount,1 000 000
nmc-expenditure,EXPENDITURE,,nmc-title,OTHER EXPENDITURE,,nmc-chapter,EMAS RESERVE,Further to the decisions to be taken by the Bureau for implementation of the EMAS action plan, in particular following the European Parliament’s carbon audit, this appropriation is intended to endow the relevant operational headings.,bud-data,amounts,amount,0,—
