nmc-expenditure,nmc-expenditure alias,nmc-expenditure id,p,bud-data,nmc-title,nmc-title alias,nmc-title id,p2,bud-data2,nmc-chapter,nmc-chapter alias,nmc-chapter id,p22,bud-data22,nmc-article,nmc-article alias,nmc-article id,p222,bud-data222,nmc-item,nmc-item alias,nmc-item id,p2222,bud-data2222,bud-data exprev,p22222,amounts,amount,amount catpol,amount year,figure
nmc-expenditure,E,NIV-47483218314141915_47483218314325989@dd2a8986-adea-456d-b71b-b3c9bb23dabe-N485F8,EXPENDITURE,,nmc-title,1,NIV-47483218314141915_47483218314325990@dd2a8986-adea-456d-b71b-b3c9bb23dabe-N48601,EXPENDITURE RELATING TO PERSONS WORKING WITH THE INSTITUTION,,nmc-chapter,1 0,NIV-47483218314141915_47483218314325991@dd2a8986-adea-456d-b71b-b3c9bb23dabe-N4860A,MEMBERS OF THE INSTITUTION,,nmc-article,1 0 0,NIV-47483218314141915_47483218314325992@dd2a8986-adea-456d-b71b-b3c9bb23dabe-N48613,Remuneration, allowances and other entitlements of Members,,nmc-item,1 0 0 0,NIV-47483218314141915_47483218314325993@dd2a8986-adea-456d-b71b-b3c9bb23dabe-N4861D,Remuneration and allowances,bud-data,exp,AM Rapp / Restore DB,amounts,amount,5.2.91,n,617 459
nmc-expenditure,E,NIV-47483218314141915_47483218314325989@dd2a8986-adea-456d-b71b-b3c9bb23dabe-N485F8,EXPENDITURE,,nmc-title,1,NIV-47483218314141915_47483218314325990@dd2a8986-adea-456d-b71b-b3c9bb23dabe-N48601,EXPENDITURE RELATING TO PERSONS WORKING WITH THE INSTITUTION,,nmc-chapter,1 0,NIV-47483218314141915_47483218314325991@dd2a8986-adea-456d-b71b-b3c9bb23dabe-N4860A,MEMBERS OF THE INSTITUTION,,nmc-article,1 0 0,NIV-47483218314141915_47483218314325992@dd2a8986-adea-456d-b71b-b3c9bb23dabe-N48613,Remuneration, allowances and other entitlements of Members,,nmc-item,1 0 0 0,NIV-47483218314141915_47483218314325993@dd2a8986-adea-456d-b71b-b3c9bb23dabe-N4861D,Remuneration and allowances,bud-data,exp,AM Rapp / Restore DB,amounts,amount,5.2.91,nm1,644 322
nmc-expenditure,E,NIV-47483218314141915_47483218314325989@dd2a8986-adea-456d-b71b-b3c9bb23dabe-N485F8,EXPENDITURE,,nmc-title,1,NIV-47483218314141915_47483218314325990@dd2a8986-adea-456d-b71b-b3c9bb23dabe-N48601,EXPENDITURE RELATING TO PERSONS WORKING WITH THE INSTITUTION,,nmc-chapter,1 0,NIV-47483218314141915_47483218314325991@dd2a8986-adea-456d-b71b-b3c9bb23dabe-N4860A,MEMBERS OF THE INSTITUTION,,nmc-article,1 0 0,NIV-47483218314141915_47483218314325992@dd2a8986-adea-456d-b71b-b3c9bb23dabe-N48613,Remuneration, allowances and other entitlements of Members,,nmc-item,1 0 0 0,NIV-47483218314141915_47483218314325993@dd2a8986-adea-456d-b71b-b3c9bb23dabe-N4861D,Remuneration and allowances,bud-data,exp,AM Rapp / Restore DB,amounts,amount,5.2.91,nm2,606 102,72
nmc-expenditure,nmc-expenditure alias,nmc-expenditure id,p,bud-data,nmc-title,nmc-title alias,nmc-title id,p2,bud-data2,nmc-chapter,nmc-chapter alias,nmc-chapter id,p22,bud-data22,nmc-article,nmc-article alias,nmc-article id,p222,bud-data222,nmc-item,nmc-item alias,nmc-item id,p2222,bud-data2222,bud-data exprev,amounts,amount,amount catpol,amount year,figure
nmc-expenditure,E,NIV-47483218314141915_47483218314325989@dd2a8986-adea-456d-b71b-b3c9bb23dabe-N485F8,EXPENDITURE,,nmc-title,1,NIV-47483218314141915_47483218314325990@dd2a8986-adea-456d-b71b-b3c9bb23dabe-N48601,EXPENDITURE RELATING TO PERSONS WORKING WITH THE INSTITUTION,,nmc-chapter,1 0,NIV-47483218314141915_47483218314325991@dd2a8986-adea-456d-b71b-b3c9bb23dabe-N4860A,MEMBERS OF THE INSTITUTION,,nmc-article,1 0 0,NIV-47483218314141915_47483218314325992@dd2a8986-adea-456d-b71b-b3c9bb23dabe-N48613,Remuneration, allowances and other entitlements of Members,,nmc-item,1 0 0 1,NIV-47483218314141915_47483218314325994@dd2a8986-adea-456d-b71b-b3c9bb23dabe-N48655,Entitlements on entering and leaving the service,bud-data,exp,amounts,amount,5.2.91,n,130 000
nmc-expenditure,E,NIV-47483218314141915_47483218314325989@dd2a8986-adea-456d-b71b-b3c9bb23dabe-N485F8,EXPENDITURE,,nmc-title,1,NIV-47483218314141915_47483218314325990@dd2a8986-adea-456d-b71b-b3c9bb23dabe-N48601,EXPENDITURE RELATING TO PERSONS WORKING WITH THE INSTITUTION,,nmc-chapter,1 0,NIV-47483218314141915_47483218314325991@dd2a8986-adea-456d-b71b-b3c9bb23dabe-N4860A,MEMBERS OF THE INSTITUTION,,nmc-article,1 0 0,NIV-47483218314141915_47483218314325992@dd2a8986-adea-456d-b71b-b3c9bb23dabe-N48613,Remuneration, allowances and other entitlements of Members,,nmc-item,1 0 0 1,NIV-47483218314141915_47483218314325994@dd2a8986-adea-456d-b71b-b3c9bb23dabe-N48655,Entitlements on entering and leaving the service,bud-data,exp,amounts,amount,5.2.91,nm1,p.m.
nmc-expenditure,E,NIV-47483218314141915_47483218314325989@dd2a8986-adea-456d-b71b-b3c9bb23dabe-N485F8,EXPENDITURE,,nmc-title,1,NIV-47483218314141915_47483218314325990@dd2a8986-adea-456d-b71b-b3c9bb23dabe-N48601,EXPENDITURE RELATING TO PERSONS WORKING WITH THE INSTITUTION,,nmc-chapter,1 0,NIV-47483218314141915_47483218314325991@dd2a8986-adea-456d-b71b-b3c9bb23dabe-N4860A,MEMBERS OF THE INSTITUTION,,nmc-article,1 0 0,NIV-47483218314141915_47483218314325992@dd2a8986-adea-456d-b71b-b3c9bb23dabe-N48613,Remuneration, allowances and other entitlements of Members,,nmc-item,1 0 0 1,NIV-47483218314141915_47483218314325994@dd2a8986-adea-456d-b71b-b3c9bb23dabe-N48655,Entitlements on entering and leaving the service,bud-data,exp,amounts,amount,5.2.91,nm2,0,—
nmc-expenditure,E,NIV-47483218314141915_47483218314325989@dd2a8986-adea-456d-b71b-b3c9bb23dabe-N485F8,EXPENDITURE,,nmc-title,1,NIV-47483218314141915_47483218314325990@dd2a8986-adea-456d-b71b-b3c9bb23dabe-N48601,EXPENDITURE RELATING TO PERSONS WORKING WITH THE INSTITUTION,,nmc-chapter,1 0,NIV-47483218314141915_47483218314325991@dd2a8986-adea-456d-b71b-b3c9bb23dabe-N4860A,MEMBERS OF THE INSTITUTION,,nmc-article,1 0 0,NIV-47483218314141915_47483218314325992@dd2a8986-adea-456d-b71b-b3c9bb23dabe-N48613,Remuneration, allowances and other entitlements of Members,,nmc-item,1 0 0 2,NIV-47483218314141915_47483218314325995@dd2a8986-adea-456d-b71b-b3c9bb23dabe-N48675,Temporary allowances,bud-data,exp,amounts,amount,5.2.91,n,296 000
nmc-expenditure,E,NIV-47483218314141915_47483218314325989@dd2a8986-adea-456d-b71b-b3c9bb23dabe-N485F8,EXPENDITURE,,nmc-title,1,NIV-47483218314141915_47483218314325990@dd2a8986-adea-456d-b71b-b3c9bb23dabe-N48601,EXPENDITURE RELATING TO PERSONS WORKING WITH THE INSTITUTION,,nmc-chapter,1 0,NIV-47483218314141915_47483218314325991@dd2a8986-adea-456d-b71b-b3c9bb23dabe-N4860A,MEMBERS OF THE INSTITUTION,,nmc-article,1 0 0,NIV-47483218314141915_47483218314325992@dd2a8986-adea-456d-b71b-b3c9bb23dabe-N48613,Remuneration, allowances and other entitlements of Members,,nmc-item,1 0 0 2,NIV-47483218314141915_47483218314325995@dd2a8986-adea-456d-b71b-b3c9bb23dabe-N48675,Temporary allowances,bud-data,exp,amounts,amount,5.2.91,nm1,p.m.
nmc-expenditure,E,NIV-47483218314141915_47483218314325989@dd2a8986-adea-456d-b71b-b3c9bb23dabe-N485F8,EXPENDITURE,,nmc-title,1,NIV-47483218314141915_47483218314325990@dd2a8986-adea-456d-b71b-b3c9bb23dabe-N48601,EXPENDITURE RELATING TO PERSONS WORKING WITH THE INSTITUTION,,nmc-chapter,1 0,NIV-47483218314141915_47483218314325991@dd2a8986-adea-456d-b71b-b3c9bb23dabe-N4860A,MEMBERS OF THE INSTITUTION,,nmc-article,1 0 0,NIV-47483218314141915_47483218314325992@dd2a8986-adea-456d-b71b-b3c9bb23dabe-N48613,Remuneration, allowances and other entitlements of Members,,nmc-item,1 0 0 2,NIV-47483218314141915_47483218314325995@dd2a8986-adea-456d-b71b-b3c9bb23dabe-N48675,Temporary allowances,bud-data,exp,amounts,amount,5.2.91,nm2,10 579,62
nmc-expenditure,E,NIV-47483218314141915_47483218314325989@dd2a8986-adea-456d-b71b-b3c9bb23dabe-N485F8,EXPENDITURE,,nmc-title,1,NIV-47483218314141915_47483218314325990@dd2a8986-adea-456d-b71b-b3c9bb23dabe-N48601,EXPENDITURE RELATING TO PERSONS WORKING WITH THE INSTITUTION,,nmc-chapter,1 0,NIV-47483218314141915_47483218314325991@dd2a8986-adea-456d-b71b-b3c9bb23dabe-N4860A,MEMBERS OF THE INSTITUTION,,nmc-article,1 0 0,NIV-47483218314141915_47483218314325992@dd2a8986-adea-456d-b71b-b3c9bb23dabe-N48613,Remuneration, allowances and other entitlements of Members,,nmc-item,1 0 0 3,NIV-47483218314141915_47483218314325996@dd2a8986-adea-456d-b71b-b3c9bb23dabe-N48698,Pensions,bud-data,exp,amounts,amount,5.2.91,n,40 000
nmc-expenditure,E,NIV-47483218314141915_47483218314325989@dd2a8986-adea-456d-b71b-b3c9bb23dabe-N485F8,EXPENDITURE,,nmc-title,1,NIV-47483218314141915_47483218314325990@dd2a8986-adea-456d-b71b-b3c9bb23dabe-N48601,EXPENDITURE RELATING TO PERSONS WORKING WITH THE INSTITUTION,,nmc-chapter,1 0,NIV-47483218314141915_47483218314325991@dd2a8986-adea-456d-b71b-b3c9bb23dabe-N4860A,MEMBERS OF THE INSTITUTION,,nmc-article,1 0 0,NIV-47483218314141915_47483218314325992@dd2a8986-adea-456d-b71b-b3c9bb23dabe-N48613,Remuneration, allowances and other entitlements of Members,,nmc-item,1 0 0 3,NIV-47483218314141915_47483218314325996@dd2a8986-adea-456d-b71b-b3c9bb23dabe-N48698,Pensions,bud-data,exp,amounts,amount,5.2.91,nm1,32 000
nmc-expenditure,E,NIV-47483218314141915_47483218314325989@dd2a8986-adea-456d-b71b-b3c9bb23dabe-N485F8,EXPENDITURE,,nmc-title,1,NIV-47483218314141915_47483218314325990@dd2a8986-adea-456d-b71b-b3c9bb23dabe-N48601,EXPENDITURE RELATING TO PERSONS WORKING WITH THE INSTITUTION,,nmc-chapter,1 0,NIV-47483218314141915_47483218314325991@dd2a8986-adea-456d-b71b-b3c9bb23dabe-N4860A,MEMBERS OF THE INSTITUTION,,nmc-article,1 0 0,NIV-47483218314141915_47483218314325992@dd2a8986-adea-456d-b71b-b3c9bb23dabe-N48613,Remuneration, allowances and other entitlements of Members,,nmc-item,1 0 0 3,NIV-47483218314141915_47483218314325996@dd2a8986-adea-456d-b71b-b3c9bb23dabe-N48698,Pensions,bud-data,exp,amounts,amount,5.2.91,nm2,0,—
nmc-expenditure,E,NIV-47483218314141915_47483218314325989@dd2a8986-adea-456d-b71b-b3c9bb23dabe-N485F8,EXPENDITURE,,nmc-title,1,NIV-47483218314141915_47483218314325990@dd2a8986-adea-456d-b71b-b3c9bb23dabe-N48601,EXPENDITURE RELATING TO PERSONS WORKING WITH THE INSTITUTION,,nmc-chapter,1 0,NIV-47483218314141915_47483218314325991@dd2a8986-adea-456d-b71b-b3c9bb23dabe-N4860A,MEMBERS OF THE INSTITUTION,,nmc-article,1 0 0,NIV-47483218314141915_47483218314325992@dd2a8986-adea-456d-b71b-b3c9bb23dabe-N48613,Remuneration, allowances and other entitlements of Members,,nmc-item,1 0 0 4,NIV-47483218314141915_47483218314325997@dd2a8986-adea-456d-b71b-b3c9bb23dabe-N486BB,Provisional appropriation,bud-data,exp,amounts,amount,5.2.91,n,11 160
nmc-expenditure,E,NIV-47483218314141915_47483218314325989@dd2a8986-adea-456d-b71b-b3c9bb23dabe-N485F8,EXPENDITURE,,nmc-title,1,NIV-47483218314141915_47483218314325990@dd2a8986-adea-456d-b71b-b3c9bb23dabe-N48601,EXPENDITURE RELATING TO PERSONS WORKING WITH THE INSTITUTION,,nmc-chapter,1 0,NIV-47483218314141915_47483218314325991@dd2a8986-adea-456d-b71b-b3c9bb23dabe-N4860A,MEMBERS OF THE INSTITUTION,,nmc-article,1 0 0,NIV-47483218314141915_47483218314325992@dd2a8986-adea-456d-b71b-b3c9bb23dabe-N48613,Remuneration, allowances and other entitlements of Members,,nmc-item,1 0 0 4,NIV-47483218314141915_47483218314325997@dd2a8986-adea-456d-b71b-b3c9bb23dabe-N486BB,Provisional appropriation,bud-data,exp,amounts,amount,5.2.91,nm1,p.m.
nmc-expenditure,E,NIV-47483218314141915_47483218314325989@dd2a8986-adea-456d-b71b-b3c9bb23dabe-N485F8,EXPENDITURE,,nmc-title,1,NIV-47483218314141915_47483218314325990@dd2a8986-adea-456d-b71b-b3c9bb23dabe-N48601,EXPENDITURE RELATING TO PERSONS WORKING WITH THE INSTITUTION,,nmc-chapter,1 0,NIV-47483218314141915_47483218314325991@dd2a8986-adea-456d-b71b-b3c9bb23dabe-N4860A,MEMBERS OF THE INSTITUTION,,nmc-article,1 0 0,NIV-47483218314141915_47483218314325992@dd2a8986-adea-456d-b71b-b3c9bb23dabe-N48613,Remuneration, allowances and other entitlements of Members,,nmc-item,1 0 0 4,NIV-47483218314141915_47483218314325997@dd2a8986-adea-456d-b71b-b3c9bb23dabe-N486BB,Provisional appropriation,bud-data,exp,amounts,amount,5.2.91,nm2,0,—
nmc-expenditure,E,NIV-47483218314141915_47483218314325989@dd2a8986-adea-456d-b71b-b3c9bb23dabe-N485F8,EXPENDITURE,,nmc-title,1,NIV-47483218314141915_47483218314325990@dd2a8986-adea-456d-b71b-b3c9bb23dabe-N48601,EXPENDITURE RELATING TO PERSONS WORKING WITH THE INSTITUTION,,nmc-chapter,1 0,NIV-47483218314141915_47483218314325991@dd2a8986-adea-456d-b71b-b3c9bb23dabe-N4860A,MEMBERS OF THE INSTITUTION,,nmc-article,1 0 1,NIV-47483218314141915_47483218314325998@dd2a8986-adea-456d-b71b-b3c9bb23dabe-N486DE,Other expenditure in connection with Members,,nmc-item,1 0 1 1,NIV-47483218314141915_47483218314326000@dd2a8986-adea-456d-b71b-b3c9bb23dabe-N48705,Mission expenses, travel expenses and other ancillary expenditure,bud-data,exp,amounts,amount,5.2.91,n,59 394
nmc-expenditure,E,NIV-47483218314141915_47483218314325989@dd2a8986-adea-456d-b71b-b3c9bb23dabe-N485F8,EXPENDITURE,,nmc-title,1,NIV-47483218314141915_47483218314325990@dd2a8986-adea-456d-b71b-b3c9bb23dabe-N48601,EXPENDITURE RELATING TO PERSONS WORKING WITH THE INSTITUTION,,nmc-chapter,1 0,NIV-47483218314141915_47483218314325991@dd2a8986-adea-456d-b71b-b3c9bb23dabe-N4860A,MEMBERS OF THE INSTITUTION,,nmc-article,1 0 1,NIV-47483218314141915_47483218314325998@dd2a8986-adea-456d-b71b-b3c9bb23dabe-N486DE,Other expenditure in connection with Members,,nmc-item,1 0 1 1,NIV-47483218314141915_47483218314326000@dd2a8986-adea-456d-b71b-b3c9bb23dabe-N48705,Mission expenses, travel expenses and other ancillary expenditure,bud-data,exp,amounts,amount,5.2.91,nm1,59 394
nmc-expenditure,E,NIV-47483218314141915_47483218314325989@dd2a8986-adea-456d-b71b-b3c9bb23dabe-N485F8,EXPENDITURE,,nmc-title,1,NIV-47483218314141915_47483218314325990@dd2a8986-adea-456d-b71b-b3c9bb23dabe-N48601,EXPENDITURE RELATING TO PERSONS WORKING WITH THE INSTITUTION,,nmc-chapter,1 0,NIV-47483218314141915_47483218314325991@dd2a8986-adea-456d-b71b-b3c9bb23dabe-N4860A,MEMBERS OF THE INSTITUTION,,nmc-article,1 0 1,NIV-47483218314141915_47483218314325998@dd2a8986-adea-456d-b71b-b3c9bb23dabe-N486DE,Other expenditure in connection with Members,,nmc-item,1 0 1 1,NIV-47483218314141915_47483218314326000@dd2a8986-adea-456d-b71b-b3c9bb23dabe-N48705,Mission expenses, travel expenses and other ancillary expenditure,bud-data,exp,amounts,amount,5.2.91,nm2,64 126,00
nmc-expenditure,E,NIV-47483218314141915_47483218314325989@dd2a8986-adea-456d-b71b-b3c9bb23dabe-N485F8,EXPENDITURE,,nmc-title,2,NIV-47483218314141915_47483218314326021@dd2a8986-adea-456d-b71b-b3c9bb23dabe-N4899D,BUILDINGS, EQUIPMENT AND EXPENDITURE IN CONNECTION WITH THE OPERATION OF THE INSTITUTION,,nmc-chapter,2 0,NIV-47483218314141915_47483218314326022@dd2a8986-adea-456d-b71b-b3c9bb23dabe-N489A7,BUILDINGS, EQUIPMENT AND EXPENDITURE IN CONNECTION WITH THE OPERATION OF THE INSTITUTION,,nmc-article,2 0 1,NIV-47483218314141915_47483218314326024@dd2a8986-adea-456d-b71b-b3c9bb23dabe-N489D0,Expenditure in connection with the operation and activities of the institution,,nmc-item,2 0 1 0,NIV-47483218314141915_47483218314326025@dd2a8986-adea-456d-b71b-b3c9bb23dabe-N489DA,Equipment,bud-data,exp,amounts,amount,5.2.97,n,350 000
nmc-expenditure,E,NIV-47483218314141915_47483218314325989@dd2a8986-adea-456d-b71b-b3c9bb23dabe-N485F8,EXPENDITURE,,nmc-title,2,NIV-47483218314141915_47483218314326021@dd2a8986-adea-456d-b71b-b3c9bb23dabe-N4899D,BUILDINGS, EQUIPMENT AND EXPENDITURE IN CONNECTION WITH THE OPERATION OF THE INSTITUTION,,nmc-chapter,2 0,NIV-47483218314141915_47483218314326022@dd2a8986-adea-456d-b71b-b3c9bb23dabe-N489A7,BUILDINGS, EQUIPMENT AND EXPENDITURE IN CONNECTION WITH THE OPERATION OF THE INSTITUTION,,nmc-article,2 0 1,NIV-47483218314141915_47483218314326024@dd2a8986-adea-456d-b71b-b3c9bb23dabe-N489D0,Expenditure in connection with the operation and activities of the institution,,nmc-item,2 0 1 0,NIV-47483218314141915_47483218314326025@dd2a8986-adea-456d-b71b-b3c9bb23dabe-N489DA,Equipment,bud-data,exp,amounts,amount,5.2.97,nm1,229 086
nmc-expenditure,E,NIV-47483218314141915_47483218314325989@dd2a8986-adea-456d-b71b-b3c9bb23dabe-N485F8,EXPENDITURE,,nmc-title,2,NIV-47483218314141915_47483218314326021@dd2a8986-adea-456d-b71b-b3c9bb23dabe-N4899D,BUILDINGS, EQUIPMENT AND EXPENDITURE IN CONNECTION WITH THE OPERATION OF THE INSTITUTION,,nmc-chapter,2 0,NIV-47483218314141915_47483218314326022@dd2a8986-adea-456d-b71b-b3c9bb23dabe-N489A7,BUILDINGS, EQUIPMENT AND EXPENDITURE IN CONNECTION WITH THE OPERATION OF THE INSTITUTION,,nmc-article,2 0 1,NIV-47483218314141915_47483218314326024@dd2a8986-adea-456d-b71b-b3c9bb23dabe-N489D0,Expenditure in connection with the operation and activities of the institution,,nmc-item,2 0 1 0,NIV-47483218314141915_47483218314326025@dd2a8986-adea-456d-b71b-b3c9bb23dabe-N489DA,Equipment,bud-data,exp,amounts,amount,5.2.97,nm2,245 497,00
nmc-expenditure,E,NIV-47483218314141915_47483218314325989@dd2a8986-adea-456d-b71b-b3c9bb23dabe-N485F8,EXPENDITURE,,nmc-title,2,NIV-47483218314141915_47483218314326021@dd2a8986-adea-456d-b71b-b3c9bb23dabe-N4899D,BUILDINGS, EQUIPMENT AND EXPENDITURE IN CONNECTION WITH THE OPERATION OF THE INSTITUTION,,nmc-chapter,2 0,NIV-47483218314141915_47483218314326022@dd2a8986-adea-456d-b71b-b3c9bb23dabe-N489A7,BUILDINGS, EQUIPMENT AND EXPENDITURE IN CONNECTION WITH THE OPERATION OF THE INSTITUTION,,nmc-article,2 0 1,NIV-47483218314141915_47483218314326024@dd2a8986-adea-456d-b71b-b3c9bb23dabe-N489D0,Expenditure in connection with the operation and activities of the institution,,nmc-item,2 0 1 1,NIV-47483218314141915_47483218314326026@dd2a8986-adea-456d-b71b-b3c9bb23dabe-N48A11,Supplies,bud-data,exp,amounts,amount,5.2.97,n,15 000
nmc-expenditure,E,NIV-47483218314141915_47483218314325989@dd2a8986-adea-456d-b71b-b3c9bb23dabe-N485F8,EXPENDITURE,,nmc-title,2,NIV-47483218314141915_47483218314326021@dd2a8986-adea-456d-b71b-b3c9bb23dabe-N4899D,BUILDINGS, EQUIPMENT AND EXPENDITURE IN CONNECTION WITH THE OPERATION OF THE INSTITUTION,,nmc-chapter,2 0,NIV-47483218314141915_47483218314326022@dd2a8986-adea-456d-b71b-b3c9bb23dabe-N489A7,BUILDINGS, EQUIPMENT AND EXPENDITURE IN CONNECTION WITH THE OPERATION OF THE INSTITUTION,,nmc-article,2 0 1,NIV-47483218314141915_47483218314326024@dd2a8986-adea-456d-b71b-b3c9bb23dabe-N489D0,Expenditure in connection with the operation and activities of the institution,,nmc-item,2 0 1 1,NIV-47483218314141915_47483218314326026@dd2a8986-adea-456d-b71b-b3c9bb23dabe-N48A11,Supplies,bud-data,exp,amounts,amount,5.2.97,nm1,19 524
nmc-expenditure,E,NIV-47483218314141915_47483218314325989@dd2a8986-adea-456d-b71b-b3c9bb23dabe-N485F8,EXPENDITURE,,nmc-title,2,NIV-47483218314141915_47483218314326021@dd2a8986-adea-456d-b71b-b3c9bb23dabe-N4899D,BUILDINGS, EQUIPMENT AND EXPENDITURE IN CONNECTION WITH THE OPERATION OF THE INSTITUTION,,nmc-chapter,2 0,NIV-47483218314141915_47483218314326022@dd2a8986-adea-456d-b71b-b3c9bb23dabe-N489A7,BUILDINGS, EQUIPMENT AND EXPENDITURE IN CONNECTION WITH THE OPERATION OF THE INSTITUTION,,nmc-article,2 0 1,NIV-47483218314141915_47483218314326024@dd2a8986-adea-456d-b71b-b3c9bb23dabe-N489D0,Expenditure in connection with the operation and activities of the institution,,nmc-item,2 0 1 1,NIV-47483218314141915_47483218314326026@dd2a8986-adea-456d-b71b-b3c9bb23dabe-N48A11,Supplies,bud-data,exp,amounts,amount,5.2.97,nm2,19 524,00
nmc-expenditure,E,NIV-47483218314141915_47483218314325989@dd2a8986-adea-456d-b71b-b3c9bb23dabe-N485F8,EXPENDITURE,,nmc-title,2,NIV-47483218314141915_47483218314326021@dd2a8986-adea-456d-b71b-b3c9bb23dabe-N4899D,BUILDINGS, EQUIPMENT AND EXPENDITURE IN CONNECTION WITH THE OPERATION OF THE INSTITUTION,,nmc-chapter,2 0,NIV-47483218314141915_47483218314326022@dd2a8986-adea-456d-b71b-b3c9bb23dabe-N489A7,BUILDINGS, EQUIPMENT AND EXPENDITURE IN CONNECTION WITH THE OPERATION OF THE INSTITUTION,,nmc-article,2 0 1,NIV-47483218314141915_47483218314326024@dd2a8986-adea-456d-b71b-b3c9bb23dabe-N489D0,Expenditure in connection with the operation and activities of the institution,,nmc-item,2 0 1 2,NIV-47483218314141915_47483218314326027@dd2a8986-adea-456d-b71b-b3c9bb23dabe-N48A38,Other operating expenditure,bud-data,exp,amounts,amount,5.2.97,n,105 000
nmc-expenditure,E,NIV-47483218314141915_47483218314325989@dd2a8986-adea-456d-b71b-b3c9bb23dabe-N485F8,EXPENDITURE,,nmc-title,2,NIV-47483218314141915_47483218314326021@dd2a8986-adea-456d-b71b-b3c9bb23dabe-N4899D,BUILDINGS, EQUIPMENT AND EXPENDITURE IN CONNECTION WITH THE OPERATION OF THE INSTITUTION,,nmc-chapter,2 0,NIV-47483218314141915_47483218314326022@dd2a8986-adea-456d-b71b-b3c9bb23dabe-N489A7,BUILDINGS, EQUIPMENT AND EXPENDITURE IN CONNECTION WITH THE OPERATION OF THE INSTITUTION,,nmc-article,2 0 1,NIV-47483218314141915_47483218314326024@dd2a8986-adea-456d-b71b-b3c9bb23dabe-N489D0,Expenditure in connection with the operation and activities of the institution,,nmc-item,2 0 1 2,NIV-47483218314141915_47483218314326027@dd2a8986-adea-456d-b71b-b3c9bb23dabe-N48A38,Other operating expenditure,bud-data,exp,amounts,amount,5.2.97,nm1,98 368
nmc-expenditure,E,NIV-47483218314141915_47483218314325989@dd2a8986-adea-456d-b71b-b3c9bb23dabe-N485F8,EXPENDITURE,,nmc-title,2,NIV-47483218314141915_47483218314326021@dd2a8986-adea-456d-b71b-b3c9bb23dabe-N4899D,BUILDINGS, EQUIPMENT AND EXPENDITURE IN CONNECTION WITH THE OPERATION OF THE INSTITUTION,,nmc-chapter,2 0,NIV-47483218314141915_47483218314326022@dd2a8986-adea-456d-b71b-b3c9bb23dabe-N489A7,BUILDINGS, EQUIPMENT AND EXPENDITURE IN CONNECTION WITH THE OPERATION OF THE INSTITUTION,,nmc-article,2 0 1,NIV-47483218314141915_47483218314326024@dd2a8986-adea-456d-b71b-b3c9bb23dabe-N489D0,Expenditure in connection with the operation and activities of the institution,,nmc-item,2 0 1 2,NIV-47483218314141915_47483218314326027@dd2a8986-adea-456d-b71b-b3c9bb23dabe-N48A38,Other operating expenditure,bud-data,exp,amounts,amount,5.2.97,nm2,98 368,00
nmc-expenditure,E,NIV-47483218314141915_47483218314325989@dd2a8986-adea-456d-b71b-b3c9bb23dabe-N485F8,EXPENDITURE,,nmc-title,2,NIV-47483218314141915_47483218314326021@dd2a8986-adea-456d-b71b-b3c9bb23dabe-N4899D,BUILDINGS, EQUIPMENT AND EXPENDITURE IN CONNECTION WITH THE OPERATION OF THE INSTITUTION,,nmc-chapter,2 0,NIV-47483218314141915_47483218314326022@dd2a8986-adea-456d-b71b-b3c9bb23dabe-N489A7,BUILDINGS, EQUIPMENT AND EXPENDITURE IN CONNECTION WITH THE OPERATION OF THE INSTITUTION,,nmc-article,2 0 1,NIV-47483218314141915_47483218314326024@dd2a8986-adea-456d-b71b-b3c9bb23dabe-N489D0,Expenditure in connection with the operation and activities of the institution,,nmc-item,2 0 1 3,NIV-47483218314141915_47483218314326028@dd2a8986-adea-456d-b71b-b3c9bb23dabe-N48A5F,Translation and interpretation costs,bud-data,exp,amounts,amount,5.2.932,n,775 000
nmc-expenditure,E,NIV-47483218314141915_47483218314325989@dd2a8986-adea-456d-b71b-b3c9bb23dabe-N485F8,EXPENDITURE,,nmc-title,2,NIV-47483218314141915_47483218314326021@dd2a8986-adea-456d-b71b-b3c9bb23dabe-N4899D,BUILDINGS, EQUIPMENT AND EXPENDITURE IN CONNECTION WITH THE OPERATION OF THE INSTITUTION,,nmc-chapter,2 0,NIV-47483218314141915_47483218314326022@dd2a8986-adea-456d-b71b-b3c9bb23dabe-N489A7,BUILDINGS, EQUIPMENT AND EXPENDITURE IN CONNECTION WITH THE OPERATION OF THE INSTITUTION,,nmc-article,2 0 1,NIV-47483218314141915_47483218314326024@dd2a8986-adea-456d-b71b-b3c9bb23dabe-N489D0,Expenditure in connection with the operation and activities of the institution,,nmc-item,2 0 1 3,NIV-47483218314141915_47483218314326028@dd2a8986-adea-456d-b71b-b3c9bb23dabe-N48A5F,Translation and interpretation costs,bud-data,exp,amounts,amount,5.2.932,nm1,875 000
nmc-expenditure,E,NIV-47483218314141915_47483218314325989@dd2a8986-adea-456d-b71b-b3c9bb23dabe-N485F8,EXPENDITURE,,nmc-title,2,NIV-47483218314141915_47483218314326021@dd2a8986-adea-456d-b71b-b3c9bb23dabe-N4899D,BUILDINGS, EQUIPMENT AND EXPENDITURE IN CONNECTION WITH THE OPERATION OF THE INSTITUTION,,nmc-chapter,2 0,NIV-47483218314141915_47483218314326022@dd2a8986-adea-456d-b71b-b3c9bb23dabe-N489A7,BUILDINGS, EQUIPMENT AND EXPENDITURE IN CONNECTION WITH THE OPERATION OF THE INSTITUTION,,nmc-article,2 0 1,NIV-47483218314141915_47483218314326024@dd2a8986-adea-456d-b71b-b3c9bb23dabe-N489D0,Expenditure in connection with the operation and activities of the institution,,nmc-item,2 0 1 3,NIV-47483218314141915_47483218314326028@dd2a8986-adea-456d-b71b-b3c9bb23dabe-N48A5F,Translation and interpretation costs,bud-data,exp,amounts,amount,5.2.932,nm2,930 000,00
nmc-expenditure,E,NIV-47483218314141915_47483218314325989@dd2a8986-adea-456d-b71b-b3c9bb23dabe-N485F8,EXPENDITURE,,nmc-title,2,NIV-47483218314141915_47483218314326021@dd2a8986-adea-456d-b71b-b3c9bb23dabe-N4899D,BUILDINGS, EQUIPMENT AND EXPENDITURE IN CONNECTION WITH THE OPERATION OF THE INSTITUTION,,nmc-chapter,2 0,NIV-47483218314141915_47483218314326022@dd2a8986-adea-456d-b71b-b3c9bb23dabe-N489A7,BUILDINGS, EQUIPMENT AND EXPENDITURE IN CONNECTION WITH THE OPERATION OF THE INSTITUTION,,nmc-article,2 0 1,NIV-47483218314141915_47483218314326024@dd2a8986-adea-456d-b71b-b3c9bb23dabe-N489D0,Expenditure in connection with the operation and activities of the institution,,nmc-item,2 0 1 4,NIV-47483218314141915_47483218314326029@dd2a8986-adea-456d-b71b-b3c9bb23dabe-N48A7F,Expenditure on publishing and information,bud-data,exp,amounts,amount,5.2.96,n,112 000
nmc-expenditure,E,NIV-47483218314141915_47483218314325989@dd2a8986-adea-456d-b71b-b3c9bb23dabe-N485F8,EXPENDITURE,,nmc-title,2,NIV-47483218314141915_47483218314326021@dd2a8986-adea-456d-b71b-b3c9bb23dabe-N4899D,BUILDINGS, EQUIPMENT AND EXPENDITURE IN CONNECTION WITH THE OPERATION OF THE INSTITUTION,,nmc-chapter,2 0,NIV-47483218314141915_47483218314326022@dd2a8986-adea-456d-b71b-b3c9bb23dabe-N489A7,BUILDINGS, EQUIPMENT AND EXPENDITURE IN CONNECTION WITH THE OPERATION OF THE INSTITUTION,,nmc-article,2 0 1,NIV-47483218314141915_47483218314326024@dd2a8986-adea-456d-b71b-b3c9bb23dabe-N489D0,Expenditure in connection with the operation and activities of the institution,,nmc-item,2 0 1 4,NIV-47483218314141915_47483218314326029@dd2a8986-adea-456d-b71b-b3c9bb23dabe-N48A7F,Expenditure on publishing and information,bud-data,exp,amounts,amount,5.2.96,nm1,150 000
nmc-expenditure,E,NIV-47483218314141915_47483218314325989@dd2a8986-adea-456d-b71b-b3c9bb23dabe-N485F8,EXPENDITURE,,nmc-title,2,NIV-47483218314141915_47483218314326021@dd2a8986-adea-456d-b71b-b3c9bb23dabe-N4899D,BUILDINGS, EQUIPMENT AND EXPENDITURE IN CONNECTION WITH THE OPERATION OF THE INSTITUTION,,nmc-chapter,2 0,NIV-47483218314141915_47483218314326022@dd2a8986-adea-456d-b71b-b3c9bb23dabe-N489A7,BUILDINGS, EQUIPMENT AND EXPENDITURE IN CONNECTION WITH THE OPERATION OF THE INSTITUTION,,nmc-article,2 0 1,NIV-47483218314141915_47483218314326024@dd2a8986-adea-456d-b71b-b3c9bb23dabe-N489D0,Expenditure in connection with the operation and activities of the institution,,nmc-item,2 0 1 4,NIV-47483218314141915_47483218314326029@dd2a8986-adea-456d-b71b-b3c9bb23dabe-N48A7F,Expenditure on publishing and information,bud-data,exp,amounts,amount,5.2.96,nm2,166 320,00
nmc-expenditure,E,NIV-47483218314141915_47483218314325989@dd2a8986-adea-456d-b71b-b3c9bb23dabe-N485F8,EXPENDITURE,,nmc-title,2,NIV-47483218314141915_47483218314326021@dd2a8986-adea-456d-b71b-b3c9bb23dabe-N4899D,BUILDINGS, EQUIPMENT AND EXPENDITURE IN CONNECTION WITH THE OPERATION OF THE INSTITUTION,,nmc-chapter,2 0,NIV-47483218314141915_47483218314326022@dd2a8986-adea-456d-b71b-b3c9bb23dabe-N489A7,BUILDINGS, EQUIPMENT AND EXPENDITURE IN CONNECTION WITH THE OPERATION OF THE INSTITUTION,,nmc-article,2 0 1,NIV-47483218314141915_47483218314326024@dd2a8986-adea-456d-b71b-b3c9bb23dabe-N489D0,Expenditure in connection with the operation and activities of the institution,,nmc-item,2 0 1 5,NIV-47483218314141915_47483218314326030@dd2a8986-adea-456d-b71b-b3c9bb23dabe-N48ABB,Expenditure in connection with the activities of the institution,bud-data,exp,amounts,amount,5.2.97,n,79 000
nmc-expenditure,E,NIV-47483218314141915_47483218314325989@dd2a8986-adea-456d-b71b-b3c9bb23dabe-N485F8,EXPENDITURE,,nmc-title,2,NIV-47483218314141915_47483218314326021@dd2a8986-adea-456d-b71b-b3c9bb23dabe-N4899D,BUILDINGS, EQUIPMENT AND EXPENDITURE IN CONNECTION WITH THE OPERATION OF THE INSTITUTION,,nmc-chapter,2 0,NIV-47483218314141915_47483218314326022@dd2a8986-adea-456d-b71b-b3c9bb23dabe-N489A7,BUILDINGS, EQUIPMENT AND EXPENDITURE IN CONNECTION WITH THE OPERATION OF THE INSTITUTION,,nmc-article,2 0 1,NIV-47483218314141915_47483218314326024@dd2a8986-adea-456d-b71b-b3c9bb23dabe-N489D0,Expenditure in connection with the operation and activities of the institution,,nmc-item,2 0 1 5,NIV-47483218314141915_47483218314326030@dd2a8986-adea-456d-b71b-b3c9bb23dabe-N48ABB,Expenditure in connection with the activities of the institution,bud-data,exp,amounts,amount,5.2.97,nm1,114 932
nmc-expenditure,E,NIV-47483218314141915_47483218314325989@dd2a8986-adea-456d-b71b-b3c9bb23dabe-N485F8,EXPENDITURE,,nmc-title,2,NIV-47483218314141915_47483218314326021@dd2a8986-adea-456d-b71b-b3c9bb23dabe-N4899D,BUILDINGS, EQUIPMENT AND EXPENDITURE IN CONNECTION WITH THE OPERATION OF THE INSTITUTION,,nmc-chapter,2 0,NIV-47483218314141915_47483218314326022@dd2a8986-adea-456d-b71b-b3c9bb23dabe-N489A7,BUILDINGS, EQUIPMENT AND EXPENDITURE IN CONNECTION WITH THE OPERATION OF THE INSTITUTION,,nmc-article,2 0 1,NIV-47483218314141915_47483218314326024@dd2a8986-adea-456d-b71b-b3c9bb23dabe-N489D0,Expenditure in connection with the operation and activities of the institution,,nmc-item,2 0 1 5,NIV-47483218314141915_47483218314326030@dd2a8986-adea-456d-b71b-b3c9bb23dabe-N48ABB,Expenditure in connection with the activities of the institution,bud-data,exp,amounts,amount,5.2.97,nm2,74 932,00
nmc-expenditure,nmc-expenditure alias,nmc-expenditure id,p,bud-data,nmc-title,nmc-title alias,nmc-title id,p2,bud-data2,nmc-chapter,nmc-chapter alias,nmc-chapter id,p22,bud-data22,nmc-article,nmc-article alias,nmc-article id,p222,bud-data222,nmc-item,nmc-item alias,nmc-item id,p2222,p3,bud-data2222,bud-data exprev,amounts,amount,amount catpol,amount year,figure
nmc-expenditure,E,NIV-47483218314141915_47483218314325989@dd2a8986-adea-456d-b71b-b3c9bb23dabe-N485F8,EXPENDITURE,,nmc-title,1,NIV-47483218314141915_47483218314325990@dd2a8986-adea-456d-b71b-b3c9bb23dabe-N48601,EXPENDITURE RELATING TO PERSONS WORKING WITH THE INSTITUTION,,nmc-chapter,1 0,NIV-47483218314141915_47483218314325991@dd2a8986-adea-456d-b71b-b3c9bb23dabe-N4860A,MEMBERS OF THE INSTITUTION,,nmc-article,1 0 1,NIV-47483218314141915_47483218314325998@dd2a8986-adea-456d-b71b-b3c9bb23dabe-N486DE,Other expenditure in connection with Members,,nmc-item,1 0 1 0,NIV-47483218314141915_47483218314325999@dd2a8986-adea-456d-b71b-b3c9bb23dabe-N486E8,Further training,This appropriation is intended to cover expenses incurred in attending language courses, seminars and professional training courses.,bud-data,exp,amounts,amount,5.2.91,n,15 000
nmc-expenditure,E,NIV-47483218314141915_47483218314325989@dd2a8986-adea-456d-b71b-b3c9bb23dabe-N485F8,EXPENDITURE,,nmc-title,1,NIV-47483218314141915_47483218314325990@dd2a8986-adea-456d-b71b-b3c9bb23dabe-N48601,EXPENDITURE RELATING TO PERSONS WORKING WITH THE INSTITUTION,,nmc-chapter,1 0,NIV-47483218314141915_47483218314325991@dd2a8986-adea-456d-b71b-b3c9bb23dabe-N4860A,MEMBERS OF THE INSTITUTION,,nmc-article,1 0 1,NIV-47483218314141915_47483218314325998@dd2a8986-adea-456d-b71b-b3c9bb23dabe-N486DE,Other expenditure in connection with Members,,nmc-item,1 0 1 0,NIV-47483218314141915_47483218314325999@dd2a8986-adea-456d-b71b-b3c9bb23dabe-N486E8,Further training,This appropriation is intended to cover expenses incurred in attending language courses, seminars and professional training courses.,bud-data,exp,amounts,amount,5.2.91,nm1,4 732
nmc-expenditure,E,NIV-47483218314141915_47483218314325989@dd2a8986-adea-456d-b71b-b3c9bb23dabe-N485F8,EXPENDITURE,,nmc-title,1,NIV-47483218314141915_47483218314325990@dd2a8986-adea-456d-b71b-b3c9bb23dabe-N48601,EXPENDITURE RELATING TO PERSONS WORKING WITH THE INSTITUTION,,nmc-chapter,1 0,NIV-47483218314141915_47483218314325991@dd2a8986-adea-456d-b71b-b3c9bb23dabe-N4860A,MEMBERS OF THE INSTITUTION,,nmc-article,1 0 1,NIV-47483218314141915_47483218314325998@dd2a8986-adea-456d-b71b-b3c9bb23dabe-N486DE,Other expenditure in connection with Members,,nmc-item,1 0 1 0,NIV-47483218314141915_47483218314325999@dd2a8986-adea-456d-b71b-b3c9bb23dabe-N486E8,Further training,This appropriation is intended to cover expenses incurred in attending language courses, seminars and professional training courses.,bud-data,exp,amounts,amount,5.2.91,nm2,0,—
nmc-expenditure,E,NIV-47483218314141915_47483218314325989@dd2a8986-adea-456d-b71b-b3c9bb23dabe-N485F8,EXPENDITURE,,nmc-title,1,NIV-47483218314141915_47483218314325990@dd2a8986-adea-456d-b71b-b3c9bb23dabe-N48601,EXPENDITURE RELATING TO PERSONS WORKING WITH THE INSTITUTION,,nmc-chapter,1 1,NIV-47483218314141915_47483218314326001@dd2a8986-adea-456d-b71b-b3c9bb23dabe-N48725,STAFF OF THE INSTITUTION,,A standard abatement of 1,1 % has been applied to the appropriations entered in this chapter.,nmc-article,1 1 0,NIV-47483218314141915_47483218314326002@dd2a8986-adea-456d-b71b-b3c9bb23dabe-N4872F,Remuneration, allowances and other entitlements of officials and temporary staff,,nmc-item,1 1 0 1,NIV-47483218314141915_47483218314326004@dd2a8986-adea-456d-b71b-b3c9bb23dabe-N4878A,Entitlements on entering the service, transfer and leaving the service,bud-data,exp,amounts,amount,5.2.923,n,50 000
nmc-expenditure,E,NIV-47483218314141915_47483218314325989@dd2a8986-adea-456d-b71b-b3c9bb23dabe-N485F8,EXPENDITURE,,nmc-title,1,NIV-47483218314141915_47483218314325990@dd2a8986-adea-456d-b71b-b3c9bb23dabe-N48601,EXPENDITURE RELATING TO PERSONS WORKING WITH THE INSTITUTION,,nmc-chapter,1 1,NIV-47483218314141915_47483218314326001@dd2a8986-adea-456d-b71b-b3c9bb23dabe-N48725,STAFF OF THE INSTITUTION,,A standard abatement of 1,1 % has been applied to the appropriations entered in this chapter.,nmc-article,1 1 0,NIV-47483218314141915_47483218314326002@dd2a8986-adea-456d-b71b-b3c9bb23dabe-N4872F,Remuneration, allowances and other entitlements of officials and temporary staff,,nmc-item,1 1 0 1,NIV-47483218314141915_47483218314326004@dd2a8986-adea-456d-b71b-b3c9bb23dabe-N4878A,Entitlements on entering the service, transfer and leaving the service,bud-data,exp,amounts,amount,5.2.923,nm1,70 564
nmc-expenditure,E,NIV-47483218314141915_47483218314325989@dd2a8986-adea-456d-b71b-b3c9bb23dabe-N485F8,EXPENDITURE,,nmc-title,1,NIV-47483218314141915_47483218314325990@dd2a8986-adea-456d-b71b-b3c9bb23dabe-N48601,EXPENDITURE RELATING TO PERSONS WORKING WITH THE INSTITUTION,,nmc-chapter,1 1,NIV-47483218314141915_47483218314326001@dd2a8986-adea-456d-b71b-b3c9bb23dabe-N48725,STAFF OF THE INSTITUTION,,A standard abatement of 1,1 % has been applied to the appropriations entered in this chapter.,nmc-article,1 1 0,NIV-47483218314141915_47483218314326002@dd2a8986-adea-456d-b71b-b3c9bb23dabe-N4872F,Remuneration, allowances and other entitlements of officials and temporary staff,,nmc-item,1 1 0 1,NIV-47483218314141915_47483218314326004@dd2a8986-adea-456d-b71b-b3c9bb23dabe-N4878A,Entitlements on entering the service, transfer and leaving the service,bud-data,exp,amounts,amount,5.2.923,nm2,30 564,00
nmc-expenditure,E,NIV-47483218314141915_47483218314325989@dd2a8986-adea-456d-b71b-b3c9bb23dabe-N485F8,EXPENDITURE,,nmc-title,1,NIV-47483218314141915_47483218314325990@dd2a8986-adea-456d-b71b-b3c9bb23dabe-N48601,EXPENDITURE RELATING TO PERSONS WORKING WITH THE INSTITUTION,,nmc-chapter,1 1,NIV-47483218314141915_47483218314326001@dd2a8986-adea-456d-b71b-b3c9bb23dabe-N48725,STAFF OF THE INSTITUTION,,A standard abatement of 1,1 % has been applied to the appropriations entered in this chapter.,nmc-article,1 1 0,NIV-47483218314141915_47483218314326002@dd2a8986-adea-456d-b71b-b3c9bb23dabe-N4872F,Remuneration, allowances and other entitlements of officials and temporary staff,,nmc-item,1 1 0 2,NIV-47483218314141915_47483218314326005@dd2a8986-adea-456d-b71b-b3c9bb23dabe-N487AA,Paid overtime,bud-data,exp,amounts,amount,5.2.921,n,p.m.
nmc-expenditure,E,NIV-47483218314141915_47483218314325989@dd2a8986-adea-456d-b71b-b3c9bb23dabe-N485F8,EXPENDITURE,,nmc-title,1,NIV-47483218314141915_47483218314325990@dd2a8986-adea-456d-b71b-b3c9bb23dabe-N48601,EXPENDITURE RELATING TO PERSONS WORKING WITH THE INSTITUTION,,nmc-chapter,1 1,NIV-47483218314141915_47483218314326001@dd2a8986-adea-456d-b71b-b3c9bb23dabe-N48725,STAFF OF THE INSTITUTION,,A standard abatement of 1,1 % has been applied to the appropriations entered in this chapter.,nmc-article,1 1 0,NIV-47483218314141915_47483218314326002@dd2a8986-adea-456d-b71b-b3c9bb23dabe-N4872F,Remuneration, allowances and other entitlements of officials and temporary staff,,nmc-item,1 1 0 2,NIV-47483218314141915_47483218314326005@dd2a8986-adea-456d-b71b-b3c9bb23dabe-N487AA,Paid overtime,bud-data,exp,amounts,amount,5.2.921,nm1,p.m.
nmc-expenditure,E,NIV-47483218314141915_47483218314325989@dd2a8986-adea-456d-b71b-b3c9bb23dabe-N485F8,EXPENDITURE,,nmc-title,1,NIV-47483218314141915_47483218314325990@dd2a8986-adea-456d-b71b-b3c9bb23dabe-N48601,EXPENDITURE RELATING TO PERSONS WORKING WITH THE INSTITUTION,,nmc-chapter,1 1,NIV-47483218314141915_47483218314326001@dd2a8986-adea-456d-b71b-b3c9bb23dabe-N48725,STAFF OF THE INSTITUTION,,A standard abatement of 1,1 % has been applied to the appropriations entered in this chapter.,nmc-article,1 1 0,NIV-47483218314141915_47483218314326002@dd2a8986-adea-456d-b71b-b3c9bb23dabe-N4872F,Remuneration, allowances and other entitlements of officials and temporary staff,,nmc-item,1 1 0 2,NIV-47483218314141915_47483218314326005@dd2a8986-adea-456d-b71b-b3c9bb23dabe-N487AA,Paid overtime,bud-data,exp,amounts,amount,5.2.921,nm2,0,—
nmc-expenditure,E,NIV-47483218314141915_47483218314325989@dd2a8986-adea-456d-b71b-b3c9bb23dabe-N485F8,EXPENDITURE,,nmc-title,1,NIV-47483218314141915_47483218314325990@dd2a8986-adea-456d-b71b-b3c9bb23dabe-N48601,EXPENDITURE RELATING TO PERSONS WORKING WITH THE INSTITUTION,,nmc-chapter,1 1,NIV-47483218314141915_47483218314326001@dd2a8986-adea-456d-b71b-b3c9bb23dabe-N48725,STAFF OF THE INSTITUTION,,A standard abatement of 1,1 % has been applied to the appropriations entered in this chapter.,nmc-article,1 1 0,NIV-47483218314141915_47483218314326002@dd2a8986-adea-456d-b71b-b3c9bb23dabe-N4872F,Remuneration, allowances and other entitlements of officials and temporary staff,,nmc-item,1 1 0 3,NIV-47483218314141915_47483218314326006@dd2a8986-adea-456d-b71b-b3c9bb23dabe-N487CA,Special assistance grants,bud-data,exp,amounts,amount,5.2.921,n,—
nmc-expenditure,E,NIV-47483218314141915_47483218314325989@dd2a8986-adea-456d-b71b-b3c9bb23dabe-N485F8,EXPENDITURE,,nmc-title,1,NIV-47483218314141915_47483218314325990@dd2a8986-adea-456d-b71b-b3c9bb23dabe-N48601,EXPENDITURE RELATING TO PERSONS WORKING WITH THE INSTITUTION,,nmc-chapter,1 1,NIV-47483218314141915_47483218314326001@dd2a8986-adea-456d-b71b-b3c9bb23dabe-N48725,STAFF OF THE INSTITUTION,,A standard abatement of 1,1 % has been applied to the appropriations entered in this chapter.,nmc-article,1 1 0,NIV-47483218314141915_47483218314326002@dd2a8986-adea-456d-b71b-b3c9bb23dabe-N4872F,Remuneration, allowances and other entitlements of officials and temporary staff,,nmc-item,1 1 0 3,NIV-47483218314141915_47483218314326006@dd2a8986-adea-456d-b71b-b3c9bb23dabe-N487CA,Special assistance grants,bud-data,exp,amounts,amount,5.2.921,nm1,p.m.
nmc-expenditure,E,NIV-47483218314141915_47483218314325989@dd2a8986-adea-456d-b71b-b3c9bb23dabe-N485F8,EXPENDITURE,,nmc-title,1,NIV-47483218314141915_47483218314325990@dd2a8986-adea-456d-b71b-b3c9bb23dabe-N48601,EXPENDITURE RELATING TO PERSONS WORKING WITH THE INSTITUTION,,nmc-chapter,1 1,NIV-47483218314141915_47483218314326001@dd2a8986-adea-456d-b71b-b3c9bb23dabe-N48725,STAFF OF THE INSTITUTION,,A standard abatement of 1,1 % has been applied to the appropriations entered in this chapter.,nmc-article,1 1 0,NIV-47483218314141915_47483218314326002@dd2a8986-adea-456d-b71b-b3c9bb23dabe-N4872F,Remuneration, allowances and other entitlements of officials and temporary staff,,nmc-item,1 1 0 3,NIV-47483218314141915_47483218314326006@dd2a8986-adea-456d-b71b-b3c9bb23dabe-N487CA,Special assistance grants,bud-data,exp,amounts,amount,5.2.921,nm2,0,—
nmc-expenditure,E,NIV-47483218314141915_47483218314325989@dd2a8986-adea-456d-b71b-b3c9bb23dabe-N485F8,EXPENDITURE,,nmc-title,1,NIV-47483218314141915_47483218314325990@dd2a8986-adea-456d-b71b-b3c9bb23dabe-N48601,EXPENDITURE RELATING TO PERSONS WORKING WITH THE INSTITUTION,,nmc-chapter,1 1,NIV-47483218314141915_47483218314326001@dd2a8986-adea-456d-b71b-b3c9bb23dabe-N48725,STAFF OF THE INSTITUTION,,A standard abatement of 1,1 % has been applied to the appropriations entered in this chapter.,nmc-article,1 1 0,NIV-47483218314141915_47483218314326002@dd2a8986-adea-456d-b71b-b3c9bb23dabe-N4872F,Remuneration, allowances and other entitlements of officials and temporary staff,,nmc-item,1 1 0 4,NIV-47483218314141915_47483218314326007@dd2a8986-adea-456d-b71b-b3c9bb23dabe-N487EA,Allowances and miscellaneous contributions upon early termination of service,bud-data,exp,amounts,amount,5.2.921,n,p.m.
nmc-expenditure,E,NIV-47483218314141915_47483218314325989@dd2a8986-adea-456d-b71b-b3c9bb23dabe-N485F8,EXPENDITURE,,nmc-title,1,NIV-47483218314141915_47483218314325990@dd2a8986-adea-456d-b71b-b3c9bb23dabe-N48601,EXPENDITURE RELATING TO PERSONS WORKING WITH THE INSTITUTION,,nmc-chapter,1 1,NIV-47483218314141915_47483218314326001@dd2a8986-adea-456d-b71b-b3c9bb23dabe-N48725,STAFF OF THE INSTITUTION,,A standard abatement of 1,1 % has been applied to the appropriations entered in this chapter.,nmc-article,1 1 0,NIV-47483218314141915_47483218314326002@dd2a8986-adea-456d-b71b-b3c9bb23dabe-N4872F,Remuneration, allowances and other entitlements of officials and temporary staff,,nmc-item,1 1 0 4,NIV-47483218314141915_47483218314326007@dd2a8986-adea-456d-b71b-b3c9bb23dabe-N487EA,Allowances and miscellaneous contributions upon early termination of service,bud-data,exp,amounts,amount,5.2.921,nm1,p.m.
nmc-expenditure,E,NIV-47483218314141915_47483218314325989@dd2a8986-adea-456d-b71b-b3c9bb23dabe-N485F8,EXPENDITURE,,nmc-title,1,NIV-47483218314141915_47483218314325990@dd2a8986-adea-456d-b71b-b3c9bb23dabe-N48601,EXPENDITURE RELATING TO PERSONS WORKING WITH THE INSTITUTION,,nmc-chapter,1 1,NIV-47483218314141915_47483218314326001@dd2a8986-adea-456d-b71b-b3c9bb23dabe-N48725,STAFF OF THE INSTITUTION,,A standard abatement of 1,1 % has been applied to the appropriations entered in this chapter.,nmc-article,1 1 0,NIV-47483218314141915_47483218314326002@dd2a8986-adea-456d-b71b-b3c9bb23dabe-N4872F,Remuneration, allowances and other entitlements of officials and temporary staff,,nmc-item,1 1 0 4,NIV-47483218314141915_47483218314326007@dd2a8986-adea-456d-b71b-b3c9bb23dabe-N487EA,Allowances and miscellaneous contributions upon early termination of service,bud-data,exp,amounts,amount,5.2.921,nm2,0,—
nmc-expenditure,E,NIV-47483218314141915_47483218314325989@dd2a8986-adea-456d-b71b-b3c9bb23dabe-N485F8,EXPENDITURE,,nmc-title,1,NIV-47483218314141915_47483218314325990@dd2a8986-adea-456d-b71b-b3c9bb23dabe-N48601,EXPENDITURE RELATING TO PERSONS WORKING WITH THE INSTITUTION,,nmc-chapter,1 1,NIV-47483218314141915_47483218314326001@dd2a8986-adea-456d-b71b-b3c9bb23dabe-N48725,STAFF OF THE INSTITUTION,,A standard abatement of 1,1 % has been applied to the appropriations entered in this chapter.,nmc-article,1 1 0,NIV-47483218314141915_47483218314326002@dd2a8986-adea-456d-b71b-b3c9bb23dabe-N4872F,Remuneration, allowances and other entitlements of officials and temporary staff,,nmc-item,1 1 0 5,NIV-47483218314141915_47483218314326008@dd2a8986-adea-456d-b71b-b3c9bb23dabe-N4881B,Provisional appropriation,bud-data,exp,amounts,amount,5.2.921,n,—
nmc-expenditure,E,NIV-47483218314141915_47483218314325989@dd2a8986-adea-456d-b71b-b3c9bb23dabe-N485F8,EXPENDITURE,,nmc-title,1,NIV-47483218314141915_47483218314325990@dd2a8986-adea-456d-b71b-b3c9bb23dabe-N48601,EXPENDITURE RELATING TO PERSONS WORKING WITH THE INSTITUTION,,nmc-chapter,1 1,NIV-47483218314141915_47483218314326001@dd2a8986-adea-456d-b71b-b3c9bb23dabe-N48725,STAFF OF THE INSTITUTION,,A standard abatement of 1,1 % has been applied to the appropriations entered in this chapter.,nmc-article,1 1 0,NIV-47483218314141915_47483218314326002@dd2a8986-adea-456d-b71b-b3c9bb23dabe-N4872F,Remuneration, allowances and other entitlements of officials and temporary staff,,nmc-item,1 1 0 5,NIV-47483218314141915_47483218314326008@dd2a8986-adea-456d-b71b-b3c9bb23dabe-N4881B,Provisional appropriation,bud-data,exp,amounts,amount,5.2.921,nm1,p.m.
nmc-expenditure,E,NIV-47483218314141915_47483218314325989@dd2a8986-adea-456d-b71b-b3c9bb23dabe-N485F8,EXPENDITURE,,nmc-title,1,NIV-47483218314141915_47483218314325990@dd2a8986-adea-456d-b71b-b3c9bb23dabe-N48601,EXPENDITURE RELATING TO PERSONS WORKING WITH THE INSTITUTION,,nmc-chapter,1 1,NIV-47483218314141915_47483218314326001@dd2a8986-adea-456d-b71b-b3c9bb23dabe-N48725,STAFF OF THE INSTITUTION,,A standard abatement of 1,1 % has been applied to the appropriations entered in this chapter.,nmc-article,1 1 0,NIV-47483218314141915_47483218314326002@dd2a8986-adea-456d-b71b-b3c9bb23dabe-N4872F,Remuneration, allowances and other entitlements of officials and temporary staff,,nmc-item,1 1 0 5,NIV-47483218314141915_47483218314326008@dd2a8986-adea-456d-b71b-b3c9bb23dabe-N4881B,Provisional appropriation,bud-data,exp,amounts,amount,5.2.921,nm2,0,—
nmc-expenditure,E,NIV-47483218314141915_47483218314325989@dd2a8986-adea-456d-b71b-b3c9bb23dabe-N485F8,EXPENDITURE,,nmc-title,1,NIV-47483218314141915_47483218314325990@dd2a8986-adea-456d-b71b-b3c9bb23dabe-N48601,EXPENDITURE RELATING TO PERSONS WORKING WITH THE INSTITUTION,,nmc-chapter,1 1,NIV-47483218314141915_47483218314326001@dd2a8986-adea-456d-b71b-b3c9bb23dabe-N48725,STAFF OF THE INSTITUTION,,A standard abatement of 1,1 % has been applied to the appropriations entered in this chapter.,nmc-article,1 1 1,NIV-47483218314141915_47483218314326009@dd2a8986-adea-456d-b71b-b3c9bb23dabe-N48841,Other staff,,nmc-item,1 1 1 1,NIV-47483218314141915_47483218314326011@dd2a8986-adea-456d-b71b-b3c9bb23dabe-N4886A,Cost of traineeships and staff exchanges,bud-data,exp,amounts,amount,5.2.922,n,179 428
nmc-expenditure,E,NIV-47483218314141915_47483218314325989@dd2a8986-adea-456d-b71b-b3c9bb23dabe-N485F8,EXPENDITURE,,nmc-title,1,NIV-47483218314141915_47483218314325990@dd2a8986-adea-456d-b71b-b3c9bb23dabe-N48601,EXPENDITURE RELATING TO PERSONS WORKING WITH THE INSTITUTION,,nmc-chapter,1 1,NIV-47483218314141915_47483218314326001@dd2a8986-adea-456d-b71b-b3c9bb23dabe-N48725,STAFF OF THE INSTITUTION,,A standard abatement of 1,1 % has been applied to the appropriations entered in this chapter.,nmc-article,1 1 1,NIV-47483218314141915_47483218314326009@dd2a8986-adea-456d-b71b-b3c9bb23dabe-N48841,Other staff,,nmc-item,1 1 1 1,NIV-47483218314141915_47483218314326011@dd2a8986-adea-456d-b71b-b3c9bb23dabe-N4886A,Cost of traineeships and staff exchanges,bud-data,exp,amounts,amount,5.2.922,nm1,179 428
nmc-expenditure,E,NIV-47483218314141915_47483218314325989@dd2a8986-adea-456d-b71b-b3c9bb23dabe-N485F8,EXPENDITURE,,nmc-title,1,NIV-47483218314141915_47483218314325990@dd2a8986-adea-456d-b71b-b3c9bb23dabe-N48601,EXPENDITURE RELATING TO PERSONS WORKING WITH THE INSTITUTION,,nmc-chapter,1 1,NIV-47483218314141915_47483218314326001@dd2a8986-adea-456d-b71b-b3c9bb23dabe-N48725,STAFF OF THE INSTITUTION,,A standard abatement of 1,1 % has been applied to the appropriations entered in this chapter.,nmc-article,1 1 1,NIV-47483218314141915_47483218314326009@dd2a8986-adea-456d-b71b-b3c9bb23dabe-N48841,Other staff,,nmc-item,1 1 1 1,NIV-47483218314141915_47483218314326011@dd2a8986-adea-456d-b71b-b3c9bb23dabe-N4886A,Cost of traineeships and staff exchanges,bud-data,exp,amounts,amount,5.2.922,nm2,149 428,00
nmc-expenditure,E,NIV-47483218314141915_47483218314325989@dd2a8986-adea-456d-b71b-b3c9bb23dabe-N485F8,EXPENDITURE,,nmc-title,1,NIV-47483218314141915_47483218314325990@dd2a8986-adea-456d-b71b-b3c9bb23dabe-N48601,EXPENDITURE RELATING TO PERSONS WORKING WITH THE INSTITUTION,,nmc-chapter,1 1,NIV-47483218314141915_47483218314326001@dd2a8986-adea-456d-b71b-b3c9bb23dabe-N48725,STAFF OF THE INSTITUTION,,A standard abatement of 1,1 % has been applied to the appropriations entered in this chapter.,nmc-article,1 1 2,NIV-47483218314141915_47483218314326013@dd2a8986-adea-456d-b71b-b3c9bb23dabe-N488A7,Other expenditure in connection with staff,,nmc-item,1 1 2 0,NIV-47483218314141915_47483218314326014@dd2a8986-adea-456d-b71b-b3c9bb23dabe-N488B1,Mission expenses, travel expenses and other ancillary expenditure,bud-data,exp,amounts,amount,5.2.95,n,112 686
nmc-expenditure,E,NIV-47483218314141915_47483218314325989@dd2a8986-adea-456d-b71b-b3c9bb23dabe-N485F8,EXPENDITURE,,nmc-title,1,NIV-47483218314141915_47483218314325990@dd2a8986-adea-456d-b71b-b3c9bb23dabe-N48601,EXPENDITURE RELATING TO PERSONS WORKING WITH THE INSTITUTION,,nmc-chapter,1 1,NIV-47483218314141915_47483218314326001@dd2a8986-adea-456d-b71b-b3c9bb23dabe-N48725,STAFF OF THE INSTITUTION,,A standard abatement of 1,1 % has been applied to the appropriations entered in this chapter.,nmc-article,1 1 2,NIV-47483218314141915_47483218314326013@dd2a8986-adea-456d-b71b-b3c9bb23dabe-N488A7,Other expenditure in connection with staff,,nmc-item,1 1 2 0,NIV-47483218314141915_47483218314326014@dd2a8986-adea-456d-b71b-b3c9bb23dabe-N488B1,Mission expenses, travel expenses and other ancillary expenditure,bud-data,exp,amounts,amount,5.2.95,nm1,112 686
nmc-expenditure,E,NIV-47483218314141915_47483218314325989@dd2a8986-adea-456d-b71b-b3c9bb23dabe-N485F8,EXPENDITURE,,nmc-title,1,NIV-47483218314141915_47483218314325990@dd2a8986-adea-456d-b71b-b3c9bb23dabe-N48601,EXPENDITURE RELATING TO PERSONS WORKING WITH THE INSTITUTION,,nmc-chapter,1 1,NIV-47483218314141915_47483218314326001@dd2a8986-adea-456d-b71b-b3c9bb23dabe-N48725,STAFF OF THE INSTITUTION,,A standard abatement of 1,1 % has been applied to the appropriations entered in this chapter.,nmc-article,1 1 2,NIV-47483218314141915_47483218314326013@dd2a8986-adea-456d-b71b-b3c9bb23dabe-N488A7,Other expenditure in connection with staff,,nmc-item,1 1 2 0,NIV-47483218314141915_47483218314326014@dd2a8986-adea-456d-b71b-b3c9bb23dabe-N488B1,Mission expenses, travel expenses and other ancillary expenditure,bud-data,exp,amounts,amount,5.2.95,nm2,112 686,00
nmc-expenditure,E,NIV-47483218314141915_47483218314325989@dd2a8986-adea-456d-b71b-b3c9bb23dabe-N485F8,EXPENDITURE,,nmc-title,1,NIV-47483218314141915_47483218314325990@dd2a8986-adea-456d-b71b-b3c9bb23dabe-N48601,EXPENDITURE RELATING TO PERSONS WORKING WITH THE INSTITUTION,,nmc-chapter,1 1,NIV-47483218314141915_47483218314326001@dd2a8986-adea-456d-b71b-b3c9bb23dabe-N48725,STAFF OF THE INSTITUTION,,A standard abatement of 1,1 % has been applied to the appropriations entered in this chapter.,nmc-article,1 1 2,NIV-47483218314141915_47483218314326013@dd2a8986-adea-456d-b71b-b3c9bb23dabe-N488A7,Other expenditure in connection with staff,,nmc-item,1 1 2 1,NIV-47483218314141915_47483218314326015@dd2a8986-adea-456d-b71b-b3c9bb23dabe-N488D1,Recruitment costs,bud-data,exp,amounts,amount,5.2.923,n,6 789
nmc-expenditure,E,NIV-47483218314141915_47483218314325989@dd2a8986-adea-456d-b71b-b3c9bb23dabe-N485F8,EXPENDITURE,,nmc-title,1,NIV-47483218314141915_47483218314325990@dd2a8986-adea-456d-b71b-b3c9bb23dabe-N48601,EXPENDITURE RELATING TO PERSONS WORKING WITH THE INSTITUTION,,nmc-chapter,1 1,NIV-47483218314141915_47483218314326001@dd2a8986-adea-456d-b71b-b3c9bb23dabe-N48725,STAFF OF THE INSTITUTION,,A standard abatement of 1,1 % has been applied to the appropriations entered in this chapter.,nmc-article,1 1 2,NIV-47483218314141915_47483218314326013@dd2a8986-adea-456d-b71b-b3c9bb23dabe-N488A7,Other expenditure in connection with staff,,nmc-item,1 1 2 1,NIV-47483218314141915_47483218314326015@dd2a8986-adea-456d-b71b-b3c9bb23dabe-N488D1,Recruitment costs,bud-data,exp,amounts,amount,5.2.923,nm1,6 789
nmc-expenditure,E,NIV-47483218314141915_47483218314325989@dd2a8986-adea-456d-b71b-b3c9bb23dabe-N485F8,EXPENDITURE,,nmc-title,1,NIV-47483218314141915_47483218314325990@dd2a8986-adea-456d-b71b-b3c9bb23dabe-N48601,EXPENDITURE RELATING TO PERSONS WORKING WITH THE INSTITUTION,,nmc-chapter,1 1,NIV-47483218314141915_47483218314326001@dd2a8986-adea-456d-b71b-b3c9bb23dabe-N48725,STAFF OF THE INSTITUTION,,A standard abatement of 1,1 % has been applied to the appropriations entered in this chapter.,nmc-article,1 1 2,NIV-47483218314141915_47483218314326013@dd2a8986-adea-456d-b71b-b3c9bb23dabe-N488A7,Other expenditure in connection with staff,,nmc-item,1 1 2 1,NIV-47483218314141915_47483218314326015@dd2a8986-adea-456d-b71b-b3c9bb23dabe-N488D1,Recruitment costs,bud-data,exp,amounts,amount,5.2.923,nm2,6 789,00
nmc-expenditure,E,NIV-47483218314141915_47483218314325989@dd2a8986-adea-456d-b71b-b3c9bb23dabe-N485F8,EXPENDITURE,,nmc-title,1,NIV-47483218314141915_47483218314325990@dd2a8986-adea-456d-b71b-b3c9bb23dabe-N48601,EXPENDITURE RELATING TO PERSONS WORKING WITH THE INSTITUTION,,nmc-chapter,1 1,NIV-47483218314141915_47483218314326001@dd2a8986-adea-456d-b71b-b3c9bb23dabe-N48725,STAFF OF THE INSTITUTION,,A standard abatement of 1,1 % has been applied to the appropriations entered in this chapter.,nmc-article,1 1 2,NIV-47483218314141915_47483218314326013@dd2a8986-adea-456d-b71b-b3c9bb23dabe-N488A7,Other expenditure in connection with staff,,nmc-item,1 1 2 2,NIV-47483218314141915_47483218314326016@dd2a8986-adea-456d-b71b-b3c9bb23dabe-N488FD,Further training,bud-data,exp,amounts,amount,5.2.923,n,78 500
nmc-expenditure,E,NIV-47483218314141915_47483218314325989@dd2a8986-adea-456d-b71b-b3c9bb23dabe-N485F8,EXPENDITURE,,nmc-title,1,NIV-47483218314141915_47483218314325990@dd2a8986-adea-456d-b71b-b3c9bb23dabe-N48601,EXPENDITURE RELATING TO PERSONS WORKING WITH THE INSTITUTION,,nmc-chapter,1 1,NIV-47483218314141915_47483218314326001@dd2a8986-adea-456d-b71b-b3c9bb23dabe-N48725,STAFF OF THE INSTITUTION,,A standard abatement of 1,1 % has been applied to the appropriations entered in this chapter.,nmc-article,1 1 2,NIV-47483218314141915_47483218314326013@dd2a8986-adea-456d-b71b-b3c9bb23dabe-N488A7,Other expenditure in connection with staff,,nmc-item,1 1 2 2,NIV-47483218314141915_47483218314326016@dd2a8986-adea-456d-b71b-b3c9bb23dabe-N488FD,Further training,bud-data,exp,amounts,amount,5.2.923,nm1,84 874
nmc-expenditure,E,NIV-47483218314141915_47483218314325989@dd2a8986-adea-456d-b71b-b3c9bb23dabe-N485F8,EXPENDITURE,,nmc-title,1,NIV-47483218314141915_47483218314325990@dd2a8986-adea-456d-b71b-b3c9bb23dabe-N48601,EXPENDITURE RELATING TO PERSONS WORKING WITH THE INSTITUTION,,nmc-chapter,1 1,NIV-47483218314141915_47483218314326001@dd2a8986-adea-456d-b71b-b3c9bb23dabe-N48725,STAFF OF THE INSTITUTION,,A standard abatement of 1,1 % has been applied to the appropriations entered in this chapter.,nmc-article,1 1 2,NIV-47483218314141915_47483218314326013@dd2a8986-adea-456d-b71b-b3c9bb23dabe-N488A7,Other expenditure in connection with staff,,nmc-item,1 1 2 2,NIV-47483218314141915_47483218314326016@dd2a8986-adea-456d-b71b-b3c9bb23dabe-N488FD,Further training,bud-data,exp,amounts,amount,5.2.923,nm2,83 374,00
nmc-expenditure,E,NIV-47483218314141915_47483218314325989@dd2a8986-adea-456d-b71b-b3c9bb23dabe-N485F8,EXPENDITURE,,nmc-title,1,NIV-47483218314141915_47483218314325990@dd2a8986-adea-456d-b71b-b3c9bb23dabe-N48601,EXPENDITURE RELATING TO PERSONS WORKING WITH THE INSTITUTION,,nmc-chapter,1 1,NIV-47483218314141915_47483218314326001@dd2a8986-adea-456d-b71b-b3c9bb23dabe-N48725,STAFF OF THE INSTITUTION,,A standard abatement of 1,1 % has been applied to the appropriations entered in this chapter.,nmc-article,1 1 2,NIV-47483218314141915_47483218314326013@dd2a8986-adea-456d-b71b-b3c9bb23dabe-N488A7,Other expenditure in connection with staff,,nmc-item,1 1 2 6,NIV-47483218314141915_47483218314326020@dd2a8986-adea-456d-b71b-b3c9bb23dabe-N48976,Relations between staff and other welfare expenditure,bud-data,exp,amounts,amount,5.2.923,n,6 000
nmc-expenditure,E,NIV-47483218314141915_47483218314325989@dd2a8986-adea-456d-b71b-b3c9bb23dabe-N485F8,EXPENDITURE,,nmc-title,1,NIV-47483218314141915_47483218314325990@dd2a8986-adea-456d-b71b-b3c9bb23dabe-N48601,EXPENDITURE RELATING TO PERSONS WORKING WITH THE INSTITUTION,,nmc-chapter,1 1,NIV-47483218314141915_47483218314326001@dd2a8986-adea-456d-b71b-b3c9bb23dabe-N48725,STAFF OF THE INSTITUTION,,A standard abatement of 1,1 % has been applied to the appropriations entered in this chapter.,nmc-article,1 1 2,NIV-47483218314141915_47483218314326013@dd2a8986-adea-456d-b71b-b3c9bb23dabe-N488A7,Other expenditure in connection with staff,,nmc-item,1 1 2 6,NIV-47483218314141915_47483218314326020@dd2a8986-adea-456d-b71b-b3c9bb23dabe-N48976,Relations between staff and other welfare expenditure,bud-data,exp,amounts,amount,5.2.923,nm1,3 865
nmc-expenditure,E,NIV-47483218314141915_47483218314325989@dd2a8986-adea-456d-b71b-b3c9bb23dabe-N485F8,EXPENDITURE,,nmc-title,1,NIV-47483218314141915_47483218314325990@dd2a8986-adea-456d-b71b-b3c9bb23dabe-N48601,EXPENDITURE RELATING TO PERSONS WORKING WITH THE INSTITUTION,,nmc-chapter,1 1,NIV-47483218314141915_47483218314326001@dd2a8986-adea-456d-b71b-b3c9bb23dabe-N48725,STAFF OF THE INSTITUTION,,A standard abatement of 1,1 % has been applied to the appropriations entered in this chapter.,nmc-article,1 1 2,NIV-47483218314141915_47483218314326013@dd2a8986-adea-456d-b71b-b3c9bb23dabe-N488A7,Other expenditure in connection with staff,,nmc-item,1 1 2 6,NIV-47483218314141915_47483218314326020@dd2a8986-adea-456d-b71b-b3c9bb23dabe-N48976,Relations between staff and other welfare expenditure,bud-data,exp,amounts,amount,5.2.923,nm2,5 288,27
nmc-expenditure,nmc-expenditure alias,nmc-expenditure id,p,bud-data,nmc-title,nmc-title alias,nmc-title id,p2,bud-data2,nmc-chapter,nmc-chapter alias,nmc-chapter id,p22,bud-data22,p3,nmc-article,nmc-article alias,nmc-article id,p222,bud-data222,nmc-item,nmc-item alias,nmc-item id,p2222,bud-data2222,bud-data exprev,p22222,amounts,amount,amount catpol,amount year,figure
nmc-expenditure,E,NIV-47483218314141915_47483218314325989@dd2a8986-adea-456d-b71b-b3c9bb23dabe-N485F8,EXPENDITURE,,nmc-title,1,NIV-47483218314141915_47483218314325990@dd2a8986-adea-456d-b71b-b3c9bb23dabe-N48601,EXPENDITURE RELATING TO PERSONS WORKING WITH THE INSTITUTION,,nmc-chapter,1 1,NIV-47483218314141915_47483218314326001@dd2a8986-adea-456d-b71b-b3c9bb23dabe-N48725,STAFF OF THE INSTITUTION,,A standard abatement of 1,1 % has been applied to the appropriations entered in this chapter.,nmc-article,1 1 0,NIV-47483218314141915_47483218314326002@dd2a8986-adea-456d-b71b-b3c9bb23dabe-N4872F,Remuneration, allowances and other entitlements of officials and temporary staff,,nmc-item,1 1 0 0,NIV-47483218314141915_47483218314326003@dd2a8986-adea-456d-b71b-b3c9bb23dabe-N48739,Remuneration and allowances,bud-data,exp,AM Rapp / Restore DB,amounts,amount,5.2.921,nm1,3 872 366
nmc-expenditure,E,NIV-47483218314141915_47483218314325989@dd2a8986-adea-456d-b71b-b3c9bb23dabe-N485F8,EXPENDITURE,,nmc-title,1,NIV-47483218314141915_47483218314325990@dd2a8986-adea-456d-b71b-b3c9bb23dabe-N48601,EXPENDITURE RELATING TO PERSONS WORKING WITH THE INSTITUTION,,nmc-chapter,1 1,NIV-47483218314141915_47483218314326001@dd2a8986-adea-456d-b71b-b3c9bb23dabe-N48725,STAFF OF THE INSTITUTION,,A standard abatement of 1,1 % has been applied to the appropriations entered in this chapter.,nmc-article,1 1 0,NIV-47483218314141915_47483218314326002@dd2a8986-adea-456d-b71b-b3c9bb23dabe-N4872F,Remuneration, allowances and other entitlements of officials and temporary staff,,nmc-item,1 1 0 0,NIV-47483218314141915_47483218314326003@dd2a8986-adea-456d-b71b-b3c9bb23dabe-N48739,Remuneration and allowances,bud-data,exp,AM Rapp / Restore DB,amounts,amount,5.2.921,nm2,3 572 485,58
nmc-expenditure,E,NIV-47483218314141915_47483218314325989@dd2a8986-adea-456d-b71b-b3c9bb23dabe-N485F8,EXPENDITURE,,nmc-title,1,NIV-47483218314141915_47483218314325990@dd2a8986-adea-456d-b71b-b3c9bb23dabe-N48601,EXPENDITURE RELATING TO PERSONS WORKING WITH THE INSTITUTION,,nmc-chapter,1 1,NIV-47483218314141915_47483218314326001@dd2a8986-adea-456d-b71b-b3c9bb23dabe-N48725,STAFF OF THE INSTITUTION,,A standard abatement of 1,1 % has been applied to the appropriations entered in this chapter.,nmc-article,1 1 1,NIV-47483218314141915_47483218314326009@dd2a8986-adea-456d-b71b-b3c9bb23dabe-N48841,Other staff,,nmc-item,1 1 1 0,NIV-47483218314141915_47483218314326010@dd2a8986-adea-456d-b71b-b3c9bb23dabe-N4884A,Contract staff,bud-data,exp,AM Rapp / Restore DB,amounts,amount,5.2.922,n,197 389
nmc-expenditure,E,NIV-47483218314141915_47483218314325989@dd2a8986-adea-456d-b71b-b3c9bb23dabe-N485F8,EXPENDITURE,,nmc-title,1,NIV-47483218314141915_47483218314325990@dd2a8986-adea-456d-b71b-b3c9bb23dabe-N48601,EXPENDITURE RELATING TO PERSONS WORKING WITH THE INSTITUTION,,nmc-chapter,1 1,NIV-47483218314141915_47483218314326001@dd2a8986-adea-456d-b71b-b3c9bb23dabe-N48725,STAFF OF THE INSTITUTION,,A standard abatement of 1,1 % has been applied to the appropriations entered in this chapter.,nmc-article,1 1 1,NIV-47483218314141915_47483218314326009@dd2a8986-adea-456d-b71b-b3c9bb23dabe-N48841,Other staff,,nmc-item,1 1 1 0,NIV-47483218314141915_47483218314326010@dd2a8986-adea-456d-b71b-b3c9bb23dabe-N4884A,Contract staff,bud-data,exp,AM Rapp / Restore DB,amounts,amount,5.2.922,nm1,158 917
nmc-expenditure,E,NIV-47483218314141915_47483218314325989@dd2a8986-adea-456d-b71b-b3c9bb23dabe-N485F8,EXPENDITURE,,nmc-title,1,NIV-47483218314141915_47483218314325990@dd2a8986-adea-456d-b71b-b3c9bb23dabe-N48601,EXPENDITURE RELATING TO PERSONS WORKING WITH THE INSTITUTION,,nmc-chapter,1 1,NIV-47483218314141915_47483218314326001@dd2a8986-adea-456d-b71b-b3c9bb23dabe-N48725,STAFF OF THE INSTITUTION,,A standard abatement of 1,1 % has been applied to the appropriations entered in this chapter.,nmc-article,1 1 1,NIV-47483218314141915_47483218314326009@dd2a8986-adea-456d-b71b-b3c9bb23dabe-N48841,Other staff,,nmc-item,1 1 1 0,NIV-47483218314141915_47483218314326010@dd2a8986-adea-456d-b71b-b3c9bb23dabe-N4884A,Contract staff,bud-data,exp,AM Rapp / Restore DB,amounts,amount,5.2.922,nm2,172 429,92
nmc-expenditure,nmc-expenditure alias,nmc-expenditure id,p,bud-data,nmc-title,nmc-title alias,nmc-title id,p2,bud-data2,nmc-chapter,nmc-chapter alias,nmc-chapter id,p22,bud-data22,p3,nmc-article,nmc-article alias,nmc-article id,p222,bud-data222,nmc-item,nmc-item alias,nmc-item id,p2222,p32,bud-data2222,bud-data exprev,amounts,amount,amount catpol,amount year,figure
nmc-expenditure,E,NIV-47483218314141915_47483218314325989@dd2a8986-adea-456d-b71b-b3c9bb23dabe-N485F8,EXPENDITURE,,nmc-title,1,NIV-47483218314141915_47483218314325990@dd2a8986-adea-456d-b71b-b3c9bb23dabe-N48601,EXPENDITURE RELATING TO PERSONS WORKING WITH THE INSTITUTION,,nmc-chapter,1 1,NIV-47483218314141915_47483218314326001@dd2a8986-adea-456d-b71b-b3c9bb23dabe-N48725,STAFF OF THE INSTITUTION,,A standard abatement of 1,1 % has been applied to the appropriations entered in this chapter.,nmc-article,1 1 1,NIV-47483218314141915_47483218314326009@dd2a8986-adea-456d-b71b-b3c9bb23dabe-N48841,Other staff,,nmc-item,1 1 1 2,NIV-47483218314141915_47483218314326012@dd2a8986-adea-456d-b71b-b3c9bb23dabe-N4888A,Services and work to be contracted out,This appropriation is intended to cover all services performed by persons not linked to the institution and, in particular, temporary staff. ,bud-data,exp,amounts,amount,5.2.922,n,51 202
nmc-expenditure,E,NIV-47483218314141915_47483218314325989@dd2a8986-adea-456d-b71b-b3c9bb23dabe-N485F8,EXPENDITURE,,nmc-title,1,NIV-47483218314141915_47483218314325990@dd2a8986-adea-456d-b71b-b3c9bb23dabe-N48601,EXPENDITURE RELATING TO PERSONS WORKING WITH THE INSTITUTION,,nmc-chapter,1 1,NIV-47483218314141915_47483218314326001@dd2a8986-adea-456d-b71b-b3c9bb23dabe-N48725,STAFF OF THE INSTITUTION,,A standard abatement of 1,1 % has been applied to the appropriations entered in this chapter.,nmc-article,1 1 1,NIV-47483218314141915_47483218314326009@dd2a8986-adea-456d-b71b-b3c9bb23dabe-N48841,Other staff,,nmc-item,1 1 1 2,NIV-47483218314141915_47483218314326012@dd2a8986-adea-456d-b71b-b3c9bb23dabe-N4888A,Services and work to be contracted out,This appropriation is intended to cover all services performed by persons not linked to the institution and, in particular, temporary staff. ,bud-data,exp,amounts,amount,5.2.922,nm1,51 202
nmc-expenditure,E,NIV-47483218314141915_47483218314325989@dd2a8986-adea-456d-b71b-b3c9bb23dabe-N485F8,EXPENDITURE,,nmc-title,1,NIV-47483218314141915_47483218314325990@dd2a8986-adea-456d-b71b-b3c9bb23dabe-N48601,EXPENDITURE RELATING TO PERSONS WORKING WITH THE INSTITUTION,,nmc-chapter,1 1,NIV-47483218314141915_47483218314326001@dd2a8986-adea-456d-b71b-b3c9bb23dabe-N48725,STAFF OF THE INSTITUTION,,A standard abatement of 1,1 % has been applied to the appropriations entered in this chapter.,nmc-article,1 1 1,NIV-47483218314141915_47483218314326009@dd2a8986-adea-456d-b71b-b3c9bb23dabe-N48841,Other staff,,nmc-item,1 1 1 2,NIV-47483218314141915_47483218314326012@dd2a8986-adea-456d-b71b-b3c9bb23dabe-N4888A,Services and work to be contracted out,This appropriation is intended to cover all services performed by persons not linked to the institution and, in particular, temporary staff. ,bud-data,exp,amounts,amount,5.2.922,nm2,99 202,00
nmc-expenditure,E,NIV-47483218314141915_47483218314325989@dd2a8986-adea-456d-b71b-b3c9bb23dabe-N485F8,EXPENDITURE,,nmc-title,1,NIV-47483218314141915_47483218314325990@dd2a8986-adea-456d-b71b-b3c9bb23dabe-N48601,EXPENDITURE RELATING TO PERSONS WORKING WITH THE INSTITUTION,,nmc-chapter,1 1,NIV-47483218314141915_47483218314326001@dd2a8986-adea-456d-b71b-b3c9bb23dabe-N48725,STAFF OF THE INSTITUTION,,A standard abatement of 1,1 % has been applied to the appropriations entered in this chapter.,nmc-article,1 1 2,NIV-47483218314141915_47483218314326013@dd2a8986-adea-456d-b71b-b3c9bb23dabe-N488A7,Other expenditure in connection with staff,,nmc-item,1 1 2 3,NIV-47483218314141915_47483218314326017@dd2a8986-adea-456d-b71b-b3c9bb23dabe-N48920,Social service,This appropriation is intended, as part of an interinstitutional policy to assist people with disabilities (officials and temporary staff in active employment, their spouses and dependent children within the meaning of the Staff Regulations of Officials of the European Union), to cover the reimbursement, within the limits of the resources available under the budget and after any national entitlements in the country of residence or origin have been exhausted, of duly substantiated non-medical expenditure acknowledged to be necessary as a result of the disability.,bud-data,exp,amounts,amount,5.2.923,n,p.m.
nmc-expenditure,E,NIV-47483218314141915_47483218314325989@dd2a8986-adea-456d-b71b-b3c9bb23dabe-N485F8,EXPENDITURE,,nmc-title,1,NIV-47483218314141915_47483218314325990@dd2a8986-adea-456d-b71b-b3c9bb23dabe-N48601,EXPENDITURE RELATING TO PERSONS WORKING WITH THE INSTITUTION,,nmc-chapter,1 1,NIV-47483218314141915_47483218314326001@dd2a8986-adea-456d-b71b-b3c9bb23dabe-N48725,STAFF OF THE INSTITUTION,,A standard abatement of 1,1 % has been applied to the appropriations entered in this chapter.,nmc-article,1 1 2,NIV-47483218314141915_47483218314326013@dd2a8986-adea-456d-b71b-b3c9bb23dabe-N488A7,Other expenditure in connection with staff,,nmc-item,1 1 2 3,NIV-47483218314141915_47483218314326017@dd2a8986-adea-456d-b71b-b3c9bb23dabe-N48920,Social service,This appropriation is intended, as part of an interinstitutional policy to assist people with disabilities (officials and temporary staff in active employment, their spouses and dependent children within the meaning of the Staff Regulations of Officials of the European Union), to cover the reimbursement, within the limits of the resources available under the budget and after any national entitlements in the country of residence or origin have been exhausted, of duly substantiated non-medical expenditure acknowledged to be necessary as a result of the disability.,bud-data,exp,amounts,amount,5.2.923,nm1,p.m.
nmc-expenditure,E,NIV-47483218314141915_47483218314325989@dd2a8986-adea-456d-b71b-b3c9bb23dabe-N485F8,EXPENDITURE,,nmc-title,1,NIV-47483218314141915_47483218314325990@dd2a8986-adea-456d-b71b-b3c9bb23dabe-N48601,EXPENDITURE RELATING TO PERSONS WORKING WITH THE INSTITUTION,,nmc-chapter,1 1,NIV-47483218314141915_47483218314326001@dd2a8986-adea-456d-b71b-b3c9bb23dabe-N48725,STAFF OF THE INSTITUTION,,A standard abatement of 1,1 % has been applied to the appropriations entered in this chapter.,nmc-article,1 1 2,NIV-47483218314141915_47483218314326013@dd2a8986-adea-456d-b71b-b3c9bb23dabe-N488A7,Other expenditure in connection with staff,,nmc-item,1 1 2 3,NIV-47483218314141915_47483218314326017@dd2a8986-adea-456d-b71b-b3c9bb23dabe-N48920,Social service,This appropriation is intended, as part of an interinstitutional policy to assist people with disabilities (officials and temporary staff in active employment, their spouses and dependent children within the meaning of the Staff Regulations of Officials of the European Union), to cover the reimbursement, within the limits of the resources available under the budget and after any national entitlements in the country of residence or origin have been exhausted, of duly substantiated non-medical expenditure acknowledged to be necessary as a result of the disability.,bud-data,exp,amounts,amount,5.2.923,nm2,0,—
nmc-expenditure,E,NIV-47483218314141915_47483218314325989@dd2a8986-adea-456d-b71b-b3c9bb23dabe-N485F8,EXPENDITURE,,nmc-title,1,NIV-47483218314141915_47483218314325990@dd2a8986-adea-456d-b71b-b3c9bb23dabe-N48601,EXPENDITURE RELATING TO PERSONS WORKING WITH THE INSTITUTION,,nmc-chapter,1 1,NIV-47483218314141915_47483218314326001@dd2a8986-adea-456d-b71b-b3c9bb23dabe-N48725,STAFF OF THE INSTITUTION,,A standard abatement of 1,1 % has been applied to the appropriations entered in this chapter.,nmc-article,1 1 2,NIV-47483218314141915_47483218314326013@dd2a8986-adea-456d-b71b-b3c9bb23dabe-N488A7,Other expenditure in connection with staff,,nmc-item,1 1 2 4,NIV-47483218314141915_47483218314326018@dd2a8986-adea-456d-b71b-b3c9bb23dabe-N4893D,Medical service,This appropriation is intended to cover expenses related to the annual medical check-up for officials and other servants entitled to it, including the analyses and medical examinations requested in connection with that check-up.,bud-data,exp,amounts,amount,5.2.923,n,14 844
nmc-expenditure,E,NIV-47483218314141915_47483218314325989@dd2a8986-adea-456d-b71b-b3c9bb23dabe-N485F8,EXPENDITURE,,nmc-title,1,NIV-47483218314141915_47483218314325990@dd2a8986-adea-456d-b71b-b3c9bb23dabe-N48601,EXPENDITURE RELATING TO PERSONS WORKING WITH THE INSTITUTION,,nmc-chapter,1 1,NIV-47483218314141915_47483218314326001@dd2a8986-adea-456d-b71b-b3c9bb23dabe-N48725,STAFF OF THE INSTITUTION,,A standard abatement of 1,1 % has been applied to the appropriations entered in this chapter.,nmc-article,1 1 2,NIV-47483218314141915_47483218314326013@dd2a8986-adea-456d-b71b-b3c9bb23dabe-N488A7,Other expenditure in connection with staff,,nmc-item,1 1 2 4,NIV-47483218314141915_47483218314326018@dd2a8986-adea-456d-b71b-b3c9bb23dabe-N4893D,Medical service,This appropriation is intended to cover expenses related to the annual medical check-up for officials and other servants entitled to it, including the analyses and medical examinations requested in connection with that check-up.,bud-data,exp,amounts,amount,5.2.923,nm1,14 844
nmc-expenditure,E,NIV-47483218314141915_47483218314325989@dd2a8986-adea-456d-b71b-b3c9bb23dabe-N485F8,EXPENDITURE,,nmc-title,1,NIV-47483218314141915_47483218314325990@dd2a8986-adea-456d-b71b-b3c9bb23dabe-N48601,EXPENDITURE RELATING TO PERSONS WORKING WITH THE INSTITUTION,,nmc-chapter,1 1,NIV-47483218314141915_47483218314326001@dd2a8986-adea-456d-b71b-b3c9bb23dabe-N48725,STAFF OF THE INSTITUTION,,A standard abatement of 1,1 % has been applied to the appropriations entered in this chapter.,nmc-article,1 1 2,NIV-47483218314141915_47483218314326013@dd2a8986-adea-456d-b71b-b3c9bb23dabe-N488A7,Other expenditure in connection with staff,,nmc-item,1 1 2 4,NIV-47483218314141915_47483218314326018@dd2a8986-adea-456d-b71b-b3c9bb23dabe-N4893D,Medical service,This appropriation is intended to cover expenses related to the annual medical check-up for officials and other servants entitled to it, including the analyses and medical examinations requested in connection with that check-up.,bud-data,exp,amounts,amount,5.2.923,nm2,14 844,00
nmc-expenditure,E,NIV-47483218314141915_47483218314325989@dd2a8986-adea-456d-b71b-b3c9bb23dabe-N485F8,EXPENDITURE,,nmc-title,1,NIV-47483218314141915_47483218314325990@dd2a8986-adea-456d-b71b-b3c9bb23dabe-N48601,EXPENDITURE RELATING TO PERSONS WORKING WITH THE INSTITUTION,,nmc-chapter,1 1,NIV-47483218314141915_47483218314326001@dd2a8986-adea-456d-b71b-b3c9bb23dabe-N48725,STAFF OF THE INSTITUTION,,A standard abatement of 1,1 % has been applied to the appropriations entered in this chapter.,nmc-article,1 1 2,NIV-47483218314141915_47483218314326013@dd2a8986-adea-456d-b71b-b3c9bb23dabe-N488A7,Other expenditure in connection with staff,,nmc-item,1 1 2 5,NIV-47483218314141915_47483218314326019@dd2a8986-adea-456d-b71b-b3c9bb23dabe-N4895A,Union nursery centre and other day nurseries and after-school centres,This appropriation is intended to cover the European Data Protection Supervisor’s share in expenditure relating to the Union nursery centre and other day nurseries and after-school centres.,bud-data,exp,amounts,amount,5.2.923,n,80 000
nmc-expenditure,E,NIV-47483218314141915_47483218314325989@dd2a8986-adea-456d-b71b-b3c9bb23dabe-N485F8,EXPENDITURE,,nmc-title,1,NIV-47483218314141915_47483218314325990@dd2a8986-adea-456d-b71b-b3c9bb23dabe-N48601,EXPENDITURE RELATING TO PERSONS WORKING WITH THE INSTITUTION,,nmc-chapter,1 1,NIV-47483218314141915_47483218314326001@dd2a8986-adea-456d-b71b-b3c9bb23dabe-N48725,STAFF OF THE INSTITUTION,,A standard abatement of 1,1 % has been applied to the appropriations entered in this chapter.,nmc-article,1 1 2,NIV-47483218314141915_47483218314326013@dd2a8986-adea-456d-b71b-b3c9bb23dabe-N488A7,Other expenditure in connection with staff,,nmc-item,1 1 2 5,NIV-47483218314141915_47483218314326019@dd2a8986-adea-456d-b71b-b3c9bb23dabe-N4895A,Union nursery centre and other day nurseries and after-school centres,This appropriation is intended to cover the European Data Protection Supervisor’s share in expenditure relating to the Union nursery centre and other day nurseries and after-school centres.,bud-data,exp,amounts,amount,5.2.923,nm1,80 000
nmc-expenditure,E,NIV-47483218314141915_47483218314325989@dd2a8986-adea-456d-b71b-b3c9bb23dabe-N485F8,EXPENDITURE,,nmc-title,1,NIV-47483218314141915_47483218314325990@dd2a8986-adea-456d-b71b-b3c9bb23dabe-N48601,EXPENDITURE RELATING TO PERSONS WORKING WITH THE INSTITUTION,,nmc-chapter,1 1,NIV-47483218314141915_47483218314326001@dd2a8986-adea-456d-b71b-b3c9bb23dabe-N48725,STAFF OF THE INSTITUTION,,A standard abatement of 1,1 % has been applied to the appropriations entered in this chapter.,nmc-article,1 1 2,NIV-47483218314141915_47483218314326013@dd2a8986-adea-456d-b71b-b3c9bb23dabe-N488A7,Other expenditure in connection with staff,,nmc-item,1 1 2 5,NIV-47483218314141915_47483218314326019@dd2a8986-adea-456d-b71b-b3c9bb23dabe-N4895A,Union nursery centre and other day nurseries and after-school centres,This appropriation is intended to cover the European Data Protection Supervisor’s share in expenditure relating to the Union nursery centre and other day nurseries and after-school centres.,bud-data,exp,amounts,amount,5.2.923,nm2,67 938,00
nmc-expenditure,nmc-expenditure alias,nmc-expenditure id,p,bud-data,nmc-title,nmc-title alias,nmc-title id,p2,bud-data2,nmc-chapter,nmc-chapter alias,nmc-chapter id,p22,bud-data22,nmc-article,nmc-article alias,nmc-article id,p222,bud-data222,bud-data exprev,amounts,amount,amount catpol,amount year,figure
nmc-expenditure,E,NIV-47483218314141915_47483218314325989@dd2a8986-adea-456d-b71b-b3c9bb23dabe-N485F8,EXPENDITURE,,nmc-title,2,NIV-47483218314141915_47483218314326021@dd2a8986-adea-456d-b71b-b3c9bb23dabe-N4899D,BUILDINGS, EQUIPMENT AND EXPENDITURE IN CONNECTION WITH THE OPERATION OF THE INSTITUTION,,nmc-chapter,2 0,NIV-47483218314141915_47483218314326022@dd2a8986-adea-456d-b71b-b3c9bb23dabe-N489A7,BUILDINGS, EQUIPMENT AND EXPENDITURE IN CONNECTION WITH THE OPERATION OF THE INSTITUTION,,nmc-article,2 0 0,NIV-47483218314141915_47483218314326023@dd2a8986-adea-456d-b71b-b3c9bb23dabe-N489B1,Rents, charges and buildings expenditure,bud-data,exp,amounts,amount,5.2.941,n,885 000
nmc-expenditure,E,NIV-47483218314141915_47483218314325989@dd2a8986-adea-456d-b71b-b3c9bb23dabe-N485F8,EXPENDITURE,,nmc-title,2,NIV-47483218314141915_47483218314326021@dd2a8986-adea-456d-b71b-b3c9bb23dabe-N4899D,BUILDINGS, EQUIPMENT AND EXPENDITURE IN CONNECTION WITH THE OPERATION OF THE INSTITUTION,,nmc-chapter,2 0,NIV-47483218314141915_47483218314326022@dd2a8986-adea-456d-b71b-b3c9bb23dabe-N489A7,BUILDINGS, EQUIPMENT AND EXPENDITURE IN CONNECTION WITH THE OPERATION OF THE INSTITUTION,,nmc-article,2 0 0,NIV-47483218314141915_47483218314326023@dd2a8986-adea-456d-b71b-b3c9bb23dabe-N489B1,Rents, charges and buildings expenditure,bud-data,exp,amounts,amount,5.2.941,nm1,798 516
nmc-expenditure,E,NIV-47483218314141915_47483218314325989@dd2a8986-adea-456d-b71b-b3c9bb23dabe-N485F8,EXPENDITURE,,nmc-title,2,NIV-47483218314141915_47483218314326021@dd2a8986-adea-456d-b71b-b3c9bb23dabe-N4899D,BUILDINGS, EQUIPMENT AND EXPENDITURE IN CONNECTION WITH THE OPERATION OF THE INSTITUTION,,nmc-chapter,2 0,NIV-47483218314141915_47483218314326022@dd2a8986-adea-456d-b71b-b3c9bb23dabe-N489A7,BUILDINGS, EQUIPMENT AND EXPENDITURE IN CONNECTION WITH THE OPERATION OF THE INSTITUTION,,nmc-article,2 0 0,NIV-47483218314141915_47483218314326023@dd2a8986-adea-456d-b71b-b3c9bb23dabe-N489B1,Rents, charges and buildings expenditure,bud-data,exp,amounts,amount,5.2.941,nm2,728 067,00
nmc-expenditure,nmc-expenditure alias,nmc-expenditure id,p,bud-data,nmc-title,nmc-title alias,nmc-title id,p2,bud-data2,nmc-chapter,nmc-chapter alias,nmc-chapter id,p22,bud-data22,bud-data exprev,bud-data type,amounts,amount,amount year,figure
nmc-expenditure,E,NIV-47483218314141915_47483218314325989@dd2a8986-adea-456d-b71b-b3c9bb23dabe-N485F8,EXPENDITURE,,nmc-title,10,NIV-47483218314141915_47483218314326053@dd2a8986-adea-456d-b71b-b3c9bb23dabe-N48AEE,OTHER EXPENDITURE,,nmc-chapter,10 0,NIV-47483218314141915_47483218314326054@dd2a8986-adea-456d-b71b-b3c9bb23dabe-N48AF7,PROVISIONAL APPROPRIATIONS,bud-data,exp,reserve,amounts,amount,n,p.m.
nmc-expenditure,E,NIV-47483218314141915_47483218314325989@dd2a8986-adea-456d-b71b-b3c9bb23dabe-N485F8,EXPENDITURE,,nmc-title,10,NIV-47483218314141915_47483218314326053@dd2a8986-adea-456d-b71b-b3c9bb23dabe-N48AEE,OTHER EXPENDITURE,,nmc-chapter,10 0,NIV-47483218314141915_47483218314326054@dd2a8986-adea-456d-b71b-b3c9bb23dabe-N48AF7,PROVISIONAL APPROPRIATIONS,bud-data,exp,reserve,amounts,amount,nm1,p.m.
nmc-expenditure,E,NIV-47483218314141915_47483218314325989@dd2a8986-adea-456d-b71b-b3c9bb23dabe-N485F8,EXPENDITURE,,nmc-title,10,NIV-47483218314141915_47483218314326053@dd2a8986-adea-456d-b71b-b3c9bb23dabe-N48AEE,OTHER EXPENDITURE,,nmc-chapter,10 0,NIV-47483218314141915_47483218314326054@dd2a8986-adea-456d-b71b-b3c9bb23dabe-N48AF7,PROVISIONAL APPROPRIATIONS,bud-data,exp,reserve,amounts,amount,nm2,0,—
nmc-expenditure,nmc-expenditure alias,nmc-expenditure id,p,bud-data,nmc-title,nmc-title alias,nmc-title id,p2,bud-data2,nmc-chapter,nmc-chapter alias,nmc-chapter id,p22,p3,bud-data22,bud-data exprev,amounts,amount,amount catpol,amount year,figure
nmc-expenditure,E,NIV-47483218314141915_47483218314325989@dd2a8986-adea-456d-b71b-b3c9bb23dabe-N485F8,EXPENDITURE,,nmc-title,10,NIV-47483218314141915_47483218314326053@dd2a8986-adea-456d-b71b-b3c9bb23dabe-N48AEE,OTHER EXPENDITURE,,nmc-chapter,10 1,NIV-47483218314141915_47483218314326055@dd2a8986-adea-456d-b71b-b3c9bb23dabe-N48B14,CONTINGENCY RESERVE,This appropriation is intended to cover expenditure resulting from budgetary decisions taken in the course of the financial year (expenditure that cannot be estimated).,bud-data,exp,amounts,amount,5.2.97,n,p.m.
nmc-expenditure,E,NIV-47483218314141915_47483218314325989@dd2a8986-adea-456d-b71b-b3c9bb23dabe-N485F8,EXPENDITURE,,nmc-title,10,NIV-47483218314141915_47483218314326053@dd2a8986-adea-456d-b71b-b3c9bb23dabe-N48AEE,OTHER EXPENDITURE,,nmc-chapter,10 1,NIV-47483218314141915_47483218314326055@dd2a8986-adea-456d-b71b-b3c9bb23dabe-N48B14,CONTINGENCY RESERVE,This appropriation is intended to cover expenditure resulting from budgetary decisions taken in the course of the financial year (expenditure that cannot be estimated).,bud-data,exp,amounts,amount,5.2.97,nm1,p.m.
nmc-expenditure,E,NIV-47483218314141915_47483218314325989@dd2a8986-adea-456d-b71b-b3c9bb23dabe-N485F8,EXPENDITURE,,nmc-title,10,NIV-47483218314141915_47483218314326053@dd2a8986-adea-456d-b71b-b3c9bb23dabe-N48AEE,OTHER EXPENDITURE,,nmc-chapter,10 1,NIV-47483218314141915_47483218314326055@dd2a8986-adea-456d-b71b-b3c9bb23dabe-N48B14,CONTINGENCY RESERVE,This appropriation is intended to cover expenditure resulting from budgetary decisions taken in the course of the financial year (expenditure that cannot be estimated).,bud-data,exp,amounts,amount,5.2.97,nm2,0,—
