nmc-expenditure,nmc-title,nmc-chapter,nmc-article,nmc-item,bud-data,figure,alias
nmc-expenditure,nmc-title,nmc-chapter,nmc-article,nmc-item,bud-data,1 216 926,10 0
nmc-expenditure,nmc-title,nmc-chapter,nmc-article,nmc-item,bud-data,9 604 000,10 0
nmc-expenditure,nmc-title,nmc-chapter,nmc-article,nmc-item,bud-data,545 839,10 0
nmc-expenditure,nmc-title,nmc-chapter,nmc-article,nmc-item,bud-data,total,figure
nmc-expenditure,nmc-title,nmc-chapter,nmc-article,nmc-item,bud-data,total,72 610 000
nmc-expenditure,nmc-title,nmc-chapter,nmc-article,nmc-item,bud-data,total,586 728 909
nmc-expenditure,nmc-title,nmc-chapter,nmc-article,nmc-item,bud-data,total,39 124 000
nmc-expenditure,nmc-title,p,p,p,p
nmc-expenditure,nmc-title,Statute for Members of the European Parliament, and in particular Articles 9 and 10 thereof.,Implementing measures for the Statute for Members of the European Parliament, and in particular Articles 1 and 2 thereof.,This appropriation is intended to cover the salary provided for by the Statute for Members.,The amount of assigned revenue in accordance with Article 21(3) of the Financial Regulation is estimated at EUR 5 000.
nmc-expenditure,Statute for Members of the European Parliament, and in particular Article 20 thereof.,Implementing measures for the Statute for Members of the European Parliament, and in particular Articles 10 to 21 and 24 thereof.,This appropriation is intended to cover reimbursement of travel and subsistence expenses in connection with travelling to and from the places of work and with other duty travel.,Part of this appropriation is intended to take into account reductions in travel expenses as a result of the European Parliament’s resolution of 10 May 2011 (OJ L 250, 27.9.2011, p. 3) to use accumulated air miles, obtained through work-related travel, for purchasing air tickets. ,The amount of assigned revenue in accordance with Article 21(3) of the Financial Regulation is estimated at EUR 10 000.
nmc-expenditure,nmc-title,Statute for Members of the European Parliament, and in particular Article 20 thereof.,Implementing measures for the Statute for Members of the European Parliament, and in particular Articles 25 to 28 thereof.,This allowance is intended to cover — in accordance with the abovementioned articles of the Implementing measures for the Statute for Members of the European Parliament — expenses resulting from the parliamentary activities of Members.,The amount of assigned revenue in accordance with Article 21(3) of the Financial Regulation is estimated at EUR 25 000.
nmc-expenditure,nmc-title,Statute for Members of the European Parliament, and in particular Articles 14 and 28 thereof.,Implementing measures for the Statute for Members of the European Parliament, and in particular Articles 49, 50 and 75 thereof.,This appropriation is intended to cover the payment of an old-age pension after the cessation of a Member’s term of office.,The amount of assigned revenue in accordance with Article 21(3) of the Financial Regulation is estimated at EUR 50 000.	
nmc-expenditure,nmc-title,Statute for Members of the European Parliament, and in particular Article 15 thereof.,Implementing measures for the Statute for Members of the European Parliament, and in particular Articles 51 to 57 and 75 thereof.,This appropriation is intended to cover the payment of a pension to Members who become incapacitated during their term of office.,The amount of assigned revenue in accordance with Article 21(3) of the Financial Regulation is estimated at EUR 5 000.
nmc-expenditure,nmc-title,Statute for Members of the European Parliament, and in particular Article 17 thereof.,Implementing measures for the Statute for Members of the European Parliament, and in particular Articles 58 to 60 and 75 thereof.,This appropriation is intended to cover the payment of a survivor’s and/or orphan’s pension in the event of the death of a Member or of a former Member.,The amount of assigned revenue in accordance with Article 21(3) of the Financial Regulation is estimated at EUR 15 000.
nmc-expenditure,nmc-title,Statute for Members of the European Parliament, and in particular Article 27 thereof.,Implementing measures for the Statute for Members of the European Parliament, and in particular Article 76 thereof.,This appropriation is intended to cover the institution’s contribution to the additional voluntary pension scheme for Members.,The amount of assigned revenue in accordance with Article 21(3) of the Financial Regulation is estimated at EUR 5 000.
nmc-expenditure,nmc-title,This appropriation is intended to cover rent for the buildings or parts of buildings occupied by the European Parliament. ,It also covers property tax. The rentals are calculated over 12 months on the basis of existing leases or leases in preparation, which normally provide for cost of living or construction cost index-linking.,The amount of assigned revenue in accordance with Article 21(3) of the Financial Regulation is estimated at EUR 1 500 000.,Financial contributions from Member States or their public agencies or entities in the form of financing or repayment of costs and of associated charges relating to the purchase or use of land, buildings, as well as of charges in relation to buildings and facilities of the institution, shall be considered as external assigned revenue within the meaning of Article 21(2) of the Financial Regulation.
nmc-expenditure,nmc-title,nmc-chapter,nmc-article,amount,figure
nmc-expenditure,nmc-title,nmc-chapter,nmc-article,amount,65 400 000
nmc-expenditure,nmc-title,nmc-chapter,nmc-article,amount,72 343 140
nmc-expenditure,nmc-title,nmc-chapter,nmc-article,amount,72 103 309,00
nmc-expenditure,nmc-title,nmc-chapter,nmc-article,amount,6 800 000
nmc-expenditure,nmc-title,nmc-chapter,nmc-article,amount,5 054 639
nmc-expenditure,nmc-title,nmc-chapter,nmc-article,amount,6 731 097,00
nmc-expenditure,nmc-title,nmc-chapter,nmc-article,amount,43 418 000
nmc-expenditure,nmc-title,nmc-chapter,nmc-article,amount,39 388 525
nmc-expenditure,nmc-title,nmc-chapter,nmc-article,amount,39 000 931,50
nmc-expenditure,nmc-title,nmc-chapter,nmc-article,amount,180 000
nmc-expenditure,nmc-title,nmc-chapter,nmc-article,amount,184 000
nmc-expenditure,nmc-title,nmc-chapter,nmc-article,amount,173 914,00
nmc-expenditure,nmc-title,nmc-chapter,nmc-article,amount,3 368 000
nmc-expenditure,nmc-title,nmc-chapter,nmc-article,amount,2 769 000
nmc-expenditure,nmc-title,nmc-chapter,nmc-article,amount,2 447 378,97
nmc-expenditure,nmc-title,nmc-chapter,nmc-article,amount,301 000
nmc-expenditure,nmc-title,nmc-chapter,nmc-article,amount,384 000
nmc-expenditure,nmc-title,nmc-chapter,nmc-article,amount,241 863,83
nmc-expenditure,nmc-title,nmc-chapter,nmc-article,amount,11 744 000
nmc-expenditure,nmc-title,nmc-chapter,nmc-article,amount,10 818 000
nmc-expenditure,nmc-title,nmc-chapter,nmc-article,amount,10 086 746,81
nmc-expenditure,nmc-title,nmc-chapter,nmc-article,amount,310 000
nmc-expenditure,nmc-title,nmc-chapter,nmc-article,amount,395 000
nmc-expenditure,nmc-title,nmc-chapter,nmc-article,amount,333 370,72
nmc-expenditure,nmc-title,nmc-chapter,nmc-article,amount,2 810 541
nmc-expenditure,nmc-title,nmc-chapter,nmc-article,amount,2 820 000
nmc-expenditure,nmc-title,nmc-chapter,nmc-article,amount,2 759 882,02
nmc-expenditure,nmc-title,nmc-chapter,nmc-article,amount,32 000
nmc-expenditure,nmc-title,nmc-chapter,nmc-article,amount,31 000
nmc-expenditure,nmc-title,nmc-chapter,nmc-article,amount,35 653,70
nmc-expenditure,nmc-title,nmc-chapter,nmc-article,amount,436 740
nmc-expenditure,nmc-title,nmc-chapter,nmc-article,amount,400 000
nmc-expenditure,nmc-title,nmc-chapter,nmc-article,amount,174 999,95
nmc-expenditure,nmc-title,nmc-chapter,nmc-article,amount,4 400 000
nmc-expenditure,nmc-title,nmc-chapter,nmc-article,amount,4 460 000
nmc-expenditure,nmc-title,nmc-chapter,nmc-article,amount,3 835 000,00
nmc-expenditure,nmc-title,nmc-chapter,nmc-article,amount,396 000
nmc-expenditure,nmc-title,nmc-chapter,nmc-article,amount,391 400
nmc-expenditure,nmc-title,nmc-chapter,nmc-article,amount,363 779,83
nmc-expenditure,nmc-title,nmc-chapter,nmc-article,amount,182 000
nmc-expenditure,nmc-title,nmc-chapter,nmc-article,amount,552 000
nmc-expenditure,nmc-title,nmc-chapter,nmc-article,amount,951 911,82
nmc-expenditure,nmc-title,nmc-chapter,nmc-article,amount,39 428 991
nmc-expenditure,nmc-title,nmc-chapter,nmc-article,amount,53 000 000
nmc-expenditure,nmc-title,nmc-chapter,nmc-article,amount,46 000 000,00
nmc-expenditure,nmc-title,nmc-chapter,nmc-article,amount,7 573 000
nmc-expenditure,nmc-title,nmc-chapter,nmc-article,amount,8 097 950
nmc-expenditure,nmc-title,nmc-chapter,nmc-article,amount,6 264 848,03
nmc-expenditure,nmc-title,nmc-chapter,nmc-article,amount,p.m.
nmc-expenditure,nmc-title,nmc-chapter,nmc-article,amount,447 449
nmc-expenditure,nmc-title,nmc-chapter,nmc-article,amount,465 000,00
nmc-expenditure,nmc-title,nmc-chapter,nmc-article,amount,7 000 000
nmc-expenditure,nmc-title,nmc-chapter,nmc-article,amount,15 800 000
nmc-expenditure,nmc-title,nmc-chapter,nmc-article,amount,14 587 632,99
nmc-expenditure,nmc-title,nmc-chapter,nmc-article,amount,379 000
nmc-expenditure,nmc-title,nmc-chapter,nmc-article,amount,374 000
nmc-expenditure,nmc-title,nmc-chapter,nmc-article,amount,374 729,31
nmc-expenditure,nmc-title,nmc-chapter,nmc-article,amount,446 000
nmc-expenditure,nmc-title,nmc-chapter,nmc-article,amount,378 850
nmc-expenditure,nmc-title,nmc-chapter,nmc-article,amount,280 000,00
nmc-expenditure,nmc-title,nmc-chapter,nmc-article,amount,4 990 000
nmc-expenditure,nmc-title,nmc-chapter,nmc-article,amount,4 850 000
nmc-expenditure,nmc-title,nmc-chapter,nmc-article,amount,4 177 428,46
nmc-expenditure,nmc-title,nmc-chapter,nmc-article,amount,719 500
nmc-expenditure,nmc-title,nmc-chapter,nmc-article,amount,718 000
nmc-expenditure,nmc-title,nmc-chapter,nmc-article,amount,528 784,06
nmc-expenditure,nmc-title,nmc-chapter,nmc-article,amount,800 000
nmc-expenditure,nmc-title,nmc-chapter,nmc-article,amount,1 000 000
nmc-expenditure,nmc-title,nmc-chapter,nmc-article,amount,619 772,38
nmc-expenditure,nmc-title,nmc-chapter,nmc-article,amount,271 000
nmc-expenditure,nmc-title,nmc-chapter,nmc-article,amount,305 000
nmc-expenditure,nmc-title,nmc-chapter,nmc-article,amount,290 634,40
nmc-expenditure,nmc-title,nmc-chapter,nmc-article,amount,1 285 000
nmc-expenditure,nmc-title,nmc-chapter,nmc-article,amount,1 285 000
nmc-expenditure,nmc-title,nmc-chapter,nmc-article,amount,1 002 407,93
nmc-expenditure,nmc-title,nmc-chapter,nmc-article,amount,4 050 000
nmc-expenditure,nmc-title,nmc-chapter,nmc-article,amount,3 960 000
nmc-expenditure,nmc-title,nmc-chapter,nmc-article,amount,3 960 000,00
nmc-expenditure,nmc-title,nmc-chapter,nmc-article,amount,6 277 500
nmc-expenditure,nmc-title,nmc-chapter,nmc-article,amount,6 683 000
nmc-expenditure,nmc-title,nmc-chapter,nmc-article,amount,5 840 795,58
nmc-expenditure,nmc-title,nmc-chapter,nmc-article,amount,30 653 000
nmc-expenditure,nmc-title,nmc-chapter,nmc-article,amount,33 032 000
nmc-expenditure,nmc-title,nmc-chapter,nmc-article,amount,30 359 988,33
nmc-expenditure,nmc-title,nmc-chapter,nmc-article,amount,5 419 000
nmc-expenditure,nmc-title,nmc-chapter,nmc-article,amount,16 141 000
nmc-expenditure,nmc-title,nmc-chapter,nmc-article,amount,33 910 000,00
nmc-expenditure,nmc-title,nmc-chapter,nmc-article,amount,p.m.
nmc-expenditure,nmc-title,nmc-chapter,nmc-article,amount,p.m.
nmc-expenditure,nmc-title,nmc-chapter,nmc-article,amount,38 753 000,00
nmc-expenditure,nmc-title,nmc-chapter,nmc-article,amount,25 465 000
nmc-expenditure,nmc-title,nmc-chapter,nmc-article,amount,7 213 000
nmc-expenditure,nmc-title,nmc-chapter,nmc-article,amount,4 583 615,66
nmc-expenditure,nmc-title,nmc-chapter,nmc-article,amount,25 471 000
nmc-expenditure,nmc-title,nmc-chapter,nmc-article,amount,39 459 000
nmc-expenditure,nmc-title,nmc-chapter,nmc-article,amount,34 811 824,36
nmc-expenditure,nmc-title,nmc-chapter,nmc-article,amount,5 278 000
nmc-expenditure,nmc-title,nmc-chapter,nmc-article,amount,4 210 000
nmc-expenditure,nmc-title,nmc-chapter,nmc-article,amount,4 207 679,39
nmc-expenditure,nmc-title,nmc-chapter,nmc-article,amount,60 095 000
nmc-expenditure,nmc-title,nmc-chapter,nmc-article,amount,57 264 000
nmc-expenditure,nmc-title,nmc-chapter,nmc-article,amount,48 638 644,47
nmc-expenditure,nmc-title,nmc-chapter,nmc-article,amount,20 937 000
nmc-expenditure,nmc-title,nmc-chapter,nmc-article,amount,18 975 000
nmc-expenditure,nmc-title,nmc-chapter,nmc-article,amount,17 692 010,38
nmc-expenditure,nmc-title,nmc-chapter,nmc-article,amount,27 305 000
nmc-expenditure,nmc-title,nmc-chapter,nmc-article,amount,36 043 268
nmc-expenditure,nmc-title,nmc-chapter,nmc-article,amount,35 023 713,60
nmc-expenditure,nmc-title,nmc-chapter,nmc-article,amount,1 020 000
nmc-expenditure,nmc-title,nmc-chapter,nmc-article,amount,991 000
nmc-expenditure,nmc-title,nmc-chapter,nmc-article,amount,884 452,30
nmc-expenditure,nmc-title,nmc-chapter,nmc-article,amount,25 862 503
nmc-expenditure,nmc-title,nmc-chapter,nmc-article,amount,25 820 534
nmc-expenditure,nmc-title,nmc-chapter,nmc-article,amount,26 253 905,10
nmc-expenditure,nmc-title,nmc-chapter,nmc-article,amount,27 478 949
nmc-expenditure,nmc-title,nmc-chapter,nmc-article,amount,26 553 271
nmc-expenditure,nmc-title,nmc-chapter,nmc-article,amount,39 048 835,40
nmc-expenditure,nmc-title,nmc-chapter,nmc-article,amount,13 315 983
nmc-expenditure,nmc-title,nmc-chapter,nmc-article,amount,13 453 322
nmc-expenditure,nmc-title,nmc-chapter,nmc-article,amount,12 731 130,91
nmc-expenditure,nmc-title,nmc-chapter,nmc-article,amount,13 202 000
nmc-expenditure,nmc-title,nmc-chapter,nmc-article,amount,13 481 040
nmc-expenditure,nmc-title,nmc-chapter,nmc-article,amount,7 215 561,44
nmc-expenditure,nmc-title,nmc-chapter,nmc-article,amount,15 743 215
nmc-expenditure,nmc-title,nmc-chapter,nmc-article,amount,16 481 461
nmc-expenditure,nmc-title,nmc-chapter,nmc-article,amount,18 992 549,97
nmc-expenditure,nmc-title,nmc-chapter,nmc-article,amount,11 977 727
nmc-expenditure,nmc-title,nmc-chapter,nmc-article,amount,12 298 460
nmc-expenditure,nmc-title,nmc-chapter,nmc-article,amount,15 310 539,51
nmc-expenditure,nmc-title,nmc-chapter,nmc-article,amount,2 250 000
nmc-expenditure,nmc-title,nmc-chapter,nmc-article,amount,2 600 000
nmc-expenditure,nmc-title,nmc-chapter,nmc-article,amount,2 598 000,00
nmc-expenditure,nmc-title,nmc-chapter,nmc-article,amount,1 232 500
nmc-expenditure,nmc-title,nmc-chapter,nmc-article,amount,1 405 000
nmc-expenditure,nmc-title,nmc-chapter,nmc-article,amount,927 388,14
nmc-expenditure,nmc-title,nmc-chapter,nmc-article,amount,1 039 200
nmc-expenditure,nmc-title,nmc-chapter,nmc-article,amount,1 473 000
nmc-expenditure,nmc-title,nmc-chapter,nmc-article,amount,495 311,40
nmc-expenditure,nmc-title,nmc-chapter,nmc-article,amount,2 100 000
nmc-expenditure,nmc-title,nmc-chapter,nmc-article,amount,2 124 660
nmc-expenditure,nmc-title,nmc-chapter,nmc-article,amount,2 006 613,36
nmc-expenditure,nmc-title,nmc-chapter,nmc-article,amount,6 632 676
nmc-expenditure,nmc-title,nmc-chapter,nmc-article,amount,4 927 111
nmc-expenditure,nmc-title,nmc-chapter,nmc-article,amount,3 974 137,06
nmc-expenditure,nmc-title,nmc-chapter,nmc-article,amount,1 600 000
nmc-expenditure,nmc-title,nmc-chapter,nmc-article,amount,1 965 000
nmc-expenditure,nmc-title,nmc-chapter,nmc-article,amount,1 600 767,67
nmc-expenditure,nmc-title,nmc-chapter,nmc-article,amount,4 586 000
nmc-expenditure,nmc-title,nmc-chapter,nmc-article,amount,4 000 000
nmc-expenditure,nmc-title,nmc-chapter,nmc-article,amount,4 055 500,00
nmc-expenditure,nmc-title,nmc-chapter,nmc-article,amount,5 703 318
nmc-expenditure,nmc-title,nmc-chapter,nmc-article,amount,5 175 000
nmc-expenditure,nmc-title,nmc-chapter,nmc-article,amount,5 689 768,59
nmc-expenditure,nmc-title,nmc-chapter,nmc-article,amount,21 036 912
nmc-expenditure,nmc-title,nmc-chapter,nmc-article,amount,23 755 900
nmc-expenditure,nmc-title,nmc-chapter,nmc-article,amount,22 124 435,38
nmc-expenditure,nmc-title,nmc-chapter,nmc-article,amount,4 978 023
nmc-expenditure,nmc-title,nmc-chapter,nmc-article,amount,3 916 000
nmc-expenditure,nmc-title,nmc-chapter,nmc-article,amount,3 462 167,79
nmc-expenditure,nmc-title,nmc-chapter,nmc-article,amount,30 120 500
nmc-expenditure,nmc-title,nmc-chapter,nmc-article,amount,29 996 000
nmc-expenditure,nmc-title,nmc-chapter,nmc-article,amount,27 985 491,28
nmc-expenditure,nmc-title,nmc-chapter,nmc-article,amount,6 725 000
nmc-expenditure,nmc-title,nmc-chapter,nmc-article,amount,6 830 300
nmc-expenditure,nmc-title,nmc-chapter,nmc-article,amount,3 664 747,54
nmc-expenditure,nmc-title,nmc-chapter,nmc-article,amount,5 000 000
nmc-expenditure,nmc-title,nmc-chapter,nmc-article,amount,8 000 000
nmc-expenditure,nmc-title,nmc-chapter,nmc-article,amount,8 391 152,02
nmc-expenditure,nmc-title,nmc-chapter,nmc-article,amount,15 620 000
nmc-expenditure,nmc-title,nmc-chapter,nmc-article,amount,20 133 700
nmc-expenditure,nmc-title,nmc-chapter,nmc-article,amount,13 576 010,67
nmc-expenditure,nmc-title,nmc-chapter,nmc-article,amount,445 000
nmc-expenditure,nmc-title,nmc-chapter,nmc-article,amount,475 000
nmc-expenditure,nmc-title,nmc-chapter,nmc-article,amount,130 335,55
nmc-expenditure,nmc-title,nmc-chapter,p,p,p
nmc-expenditure,nmc-title,nmc-chapter,Statute for Members of the European Parliament, and in particular Article 20 thereof.,Implementing measures for the Statute for Members of the European Parliament, and in particular Articles 22 and 23 thereof.,This appropriation is intended to cover reimbursement of additional travel expenses and travel expenses incurred in the Member State of election.
nmc-expenditure,nmc-title,nmc-chapter,Statute for Members of the European Parliament, and in particular Article 20 thereof.,Bureau Decision of 16-17 June 2009.,This appropriation is intended to cover the flat-rate subsistence and representation allowances in connection with the duties of the President of the European Parliament.
nmc-expenditure,nmc-title,nmc-chapter,Implementing measures for the Statute for Members of the European Parliament, and in particular Article 30 thereof.,This appropriation is intended to cover certain expenditure required to provide assistance for a seriously disabled Member.,The amount of assigned revenue in accordance with Article 21(3) of the Financial Regulation is estimated at EUR 5 000.
nmc-expenditure,nmc-title,nmc-chapter,Staff Regulations of Officials of the European Union, and in particular Article 56 thereof and Annex VI thereto.,Conditions of Employment of Other Servants of the European Union.,This appropriation is intended to cover the payment of overtime under the conditions set out in the abovementioned provisions.
nmc-expenditure,nmc-title,nmc-chapter,Staff Regulations of Officials of the European Union, and in particular Article 24a thereof.,Conditions of Employment of Other Servants of the European Union.,This appropriation is intended to cover expenditure on training for improving staff skills and the performance and efficiency of the institution, e.g. via language courses for the official working languages. 
nmc-expenditure,nmc-title,nmc-chapter,This appropriation is intended to encourage and provide financial backing for schemes to promote social contact between staff of different nationalities, for example subsidies to staff clubs, sports associations, cultural societies, etc., and to make a contribution to the cost of a permanent leisure centre (cultural and sports activities, hobbies, restaurant).,It also covers financial support for interinstitutional social activities.,The amount of assigned revenue in accordance with Article 21(3) of the Financial Regulation is estimated at EUR 800 000.
nmc-expenditure,nmc-title,nmc-chapter,Staff Regulations of Officials of the European Union, and in particular Article 59 thereof and Article 8 of Annex II thereto.,This appropriation is intended to cover the operating costs of the medical service at the three places of work, including the purchase of materials and pharmaceutical products, etc., expenditure on preventive medical check-ups, expenditure arising from the operation of the Invalidity Committee and expenditure on services provided by outside medical specialists deemed necessary by the medical officers.,It also covers expenditure involving the purchase of certain work tools deemed necessary on medical grounds, together with expenditure on medical or paramedical staff under service provision arrangements or on short-term stand-in assignment.
nmc-expenditure,nmc-title,nmc-chapter,This appropriation is intended to cover the annual lease payments for buildings or parts of buildings under existing leases or leases in preparation.,The amount of assigned revenue in accordance with Article 21(3) of the Financial Regulation is estimated at EUR 100 000.,Financial contributions from Member States or their public agencies or entities in the form of financing or repayment of costs and of associated charges relating to the purchase or use of land, buildings, as well as of charges in relation to buildings and facilities of the institution, shall be considered as external assigned revenue within the meaning of Article 21(2) of the Financial Regulation.
nmc-expenditure,nmc-title,nmc-chapter,This appropriation is intended to cover the acquisition of immovable property. Subsidies for land and its servicing will be dealt with in accordance with the provisions of the Financial Regulation.,The amount of assigned revenue in accordance with Article 21(3) of the Financial Regulation is estimated at EUR 100 000.,Financial contributions from Member States or their public agencies or entities in the form of financing or repayment of costs and of associated charges relating to the purchase or use of land, buildings, as well as of charges in relation to buildings and facilities of the institution, shall be considered as external assigned revenue within the meaning of Article 21(2) of the Financial Regulation.
nmc-expenditure,nmc-title,nmc-chapter,This item is intended for any entry of appropriations for the construction of buildings (works, consultants’ fees and all related costs).,The amount of assigned revenue in accordance with Article 21(3) of the Financial Regulation is estimated at EUR 50 000.,Financial contributions from Member States or their public agencies or entities in the form of financing or repayment of costs and of associated charges relating to the purchase or use of land, buildings, as well as of charges in relation to buildings and facilities of the institution, shall be considered as external assigned revenue within the meaning of Article 21(2) of the Financial Regulation.
nmc-expenditure,nmc-title,nmc-chapter,This appropriation is intended to cover the performance of fitting-out work, including other expenditure connected with that work, in particular architects’ or engineers’ fees, etc.,The amount of assigned revenue in accordance with Article 21(3) of the Financial Regulation is estimated at EUR 543 000.,Financial contributions from Member States or their public agencies or entities in the form of financing or repayment of costs and of associated charges relating to the purchase or use of land, buildings, as well as of charges in relation to buildings and facilities of the institution, shall be considered as external assigned revenue within the meaning of Article 21(2) of the Financial Regulation.
nmc-expenditure,nmc-title,nmc-chapter,This appropriation is intended to cover the maintenance, upkeep, operating and cleaning costs, on the basis of current contracts, for the buildings (offices, other areas and installations) rented or owned by the European Parliament.,Before renewing or concluding contracts, the institution will consult the other institutions on the contractual terms each of them has obtained (prices, currency chosen, index-linking, duration, other clauses) with due regard for Article 104 of the Financial Regulation.,The amount of assigned revenue in accordance with Article 21(3) of the Financial Regulation is estimated at EUR 75 000.
nmc-expenditure,nmc-title,nmc-chapter,This appropriation is intended to cover essentially the costs of caretaking and surveillance in respect of buildings occupied by the European Parliament at its three habitual places of work, its information offices in the Union and its offices in third countries.,Before renewing or concluding contracts, the institution will consult the other institutions on the contractual terms each of them has obtained (prices, currency chosen, index-linking, duration, other clauses) with due regard for Article 104 of the Financial Regulation.,The amount of assigned revenue in accordance with Article 21(3) of the Financial Regulation is estimated at EUR 120 000.
nmc-expenditure,nmc-title,nmc-chapter,This appropriation is intended to cover subsidies granted for group visits and associated supervision and infrastructure costs, the running costs of the Euroscola programme, and the financing of traineeships for opinion multipliers from third countries (EUVP). It shall be increased every year using a deflator that takes into account movements in GNI and prices.,Each Member of the European Parliament is entitled to invite a maximum of five groups each calendar year for a total of 110 visitors. The number of participants present for any given visit may vary between a minimum of 10 and a maximum of 110.,An appropriate amount is included for visitors with disabilities.
nmc-expenditure,nmc-title,nmc-chapter,p,p,p,p,p,p,p,p,p
nmc-expenditure,nmc-title,nmc-chapter,Statute for Members of the European Parliament, and in particular Articles 18 and 19 thereof.,Implementing measures for the Statute for Members of the European Parliament, in particular Articles 3 to 9 and 29 thereof.,Common rules on the insurance of officials of the European Union against the risk of accident and of occupational disease.,Joint rules on sickness insurance for officials of the European Union.,Commission Decision laying down general implementing provisions for the reimbursement of medical expenses.,Rules governing the payment of expenses and allowances to Members of the European Parliament, and in particular Article 21 thereof and Annex IV thereto (temporary application for 18 months after the close of the sixth parliamentary term).,This appropriation is intended to cover accident insurance and reimbursement of medical expenses for Members and loss and theft of Members’ personal effects.,It is also intended to cover the provision of insurance cover and assistance to Members should they need to be repatriated whilst undertaking an official journey, as a result of a serious illness, an accident or an unforeseen event that prevents them from continuing their journey. Such assistance involves organising the Member’s repatriation and defraying the related costs.,The amount of assigned revenue in accordance with Article 21(3) of the Financial Regulation is estimated at EUR 140 000.
nmc-expenditure,nmc-title,nmc-chapter,amount,figure
nmc-expenditure,nmc-title,nmc-chapter,amount,15 784 819
nmc-expenditure,nmc-title,nmc-chapter,amount,800 000
nmc-expenditure,nmc-title,nmc-chapter,amount,566 485,13
nmc-expenditure,nmc-title,nmc-chapter,amount,500 000
nmc-expenditure,nmc-title,nmc-chapter,amount,500 000
nmc-expenditure,nmc-title,nmc-chapter,amount,678 941,14
nmc-expenditure,nmc-title,nmc-chapter,amount,p.m.
nmc-expenditure,nmc-title,nmc-chapter,amount,p.m.
nmc-expenditure,nmc-title,nmc-chapter,amount,0,—
nmc-expenditure,nmc-title,nmc-chapter,amount,p.m.
nmc-expenditure,nmc-title,nmc-chapter,amount,p.m.
nmc-expenditure,nmc-title,nmc-chapter,amount,0,—
nmc-expenditure,nmc-title,nmc-chapter,amount,p.m.
nmc-expenditure,nmc-title,nmc-chapter,amount,p.m.
nmc-expenditure,nmc-title,nmc-chapter,amount,0,—
nmc-expenditure,nmc-title,nmc-chapter,amount,3 180 000
nmc-expenditure,nmc-title,nmc-chapter,amount,3 232 500
nmc-expenditure,nmc-title,nmc-chapter,amount,2 040 859,17
nmc-expenditure,nmc-title,nmc-chapter,amount,22 933 500
nmc-expenditure,nmc-title,nmc-chapter,amount,19 585 000
nmc-expenditure,nmc-title,nmc-chapter,amount,19 562 814,54
nmc-expenditure,nmc-title,nmc-chapter,amount,7 265 000
nmc-expenditure,nmc-title,nmc-chapter,amount,6 068 000
nmc-expenditure,nmc-title,nmc-chapter,amount,6 104 390,56
nmc-expenditure,nmc-title,nmc-chapter,amount,2 021 000
nmc-expenditure,nmc-title,nmc-chapter,amount,2 339 500
nmc-expenditure,nmc-title,nmc-chapter,amount,2 010 713,84
nmc-expenditure,nmc-title,nmc-chapter,amount,65 000
nmc-expenditure,nmc-title,nmc-chapter,amount,75 000
nmc-expenditure,nmc-title,nmc-chapter,amount,16 864,00
nmc-expenditure,nmc-title,nmc-chapter,amount,1 035 000
nmc-expenditure,nmc-title,nmc-chapter,amount,1 714 000
nmc-expenditure,nmc-title,nmc-chapter,amount,1 433 604,29
nmc-expenditure,nmc-title,nmc-chapter,amount,510 000
nmc-expenditure,nmc-title,nmc-chapter,amount,357 000
nmc-expenditure,nmc-title,nmc-chapter,amount,271 282,65
nmc-expenditure,nmc-title,nmc-chapter,amount,1 620 000
nmc-expenditure,nmc-title,nmc-chapter,amount,1 100 000
nmc-expenditure,nmc-title,nmc-chapter,amount,760 359,86
nmc-expenditure,nmc-title,nmc-chapter,amount,731 500
nmc-expenditure,nmc-title,nmc-chapter,amount,661 500
nmc-expenditure,nmc-title,nmc-chapter,amount,438 222,80
nmc-expenditure,nmc-title,nmc-chapter,amount,250 000
nmc-expenditure,nmc-title,nmc-chapter,amount,1 064 000
nmc-expenditure,nmc-title,nmc-chapter,amount,89 558,55
nmc-expenditure,nmc-title,nmc-chapter,amount,27 600 000
nmc-expenditure,nmc-title,nmc-chapter,amount,27 616 000
nmc-expenditure,nmc-title,nmc-chapter,amount,25 600 000,00
nmc-expenditure,nmc-title,nmc-chapter,amount,1 333 260
nmc-expenditure,nmc-title,nmc-chapter,amount,1 361 350
nmc-expenditure,nmc-title,nmc-chapter,amount,997 012,13
nmc-expenditure,nmc-title,nmc-chapter,amount,10 386 000
nmc-expenditure,nmc-title,nmc-chapter,amount,11 530 000
nmc-expenditure,nmc-title,nmc-chapter,amount,9 802 864,80
nmc-expenditure,nmc-title,nmc-chapter,amount,637 500
nmc-expenditure,nmc-title,nmc-chapter,amount,750 000
nmc-expenditure,nmc-title,nmc-chapter,amount,409 935,96
nmc-expenditure,nmc-title,nmc-chapter,amount,1 100 000
nmc-expenditure,nmc-title,nmc-chapter,amount,1 100 000
nmc-expenditure,nmc-title,nmc-chapter,amount,1 100 000,00
nmc-expenditure,nmc-title,nmc-chapter,amount,59 800 000
nmc-expenditure,nmc-title,nmc-chapter,amount,58 750 000
nmc-expenditure,nmc-title,nmc-chapter,amount,57 062 366,62
nmc-expenditure,nmc-title,nmc-chapter,amount,27 794 200
nmc-expenditure,nmc-title,nmc-chapter,amount,21 794 200
nmc-expenditure,nmc-title,nmc-chapter,amount,18 900 000,00
nmc-expenditure,nmc-title,nmc-chapter,amount,13 400 000
nmc-expenditure,nmc-title,nmc-chapter,amount,12 400 000
nmc-expenditure,nmc-title,nmc-chapter,amount,11 955 272,00
nmc-expenditure,nmc-title,nmc-chapter,amount,200 000
nmc-expenditure,nmc-title,nmc-chapter,amount,200 000
nmc-expenditure,nmc-title,nmc-chapter,amount,200 000,00
nmc-expenditure,nmc-title,nmc-chapter,amount,200 000
nmc-expenditure,nmc-title,nmc-chapter,amount,175 000
nmc-expenditure,nmc-title,nmc-chapter,amount,160 000,00
nmc-expenditure,p,p,p,p
nmc-expenditure,Statute for Members of the European Parliament, and in particular Article 13 thereof.,Implementing measures for the Statute for Members of the European Parliament, and in particular Articles 45 to 48 and 77 thereof.,This appropriation is intended to cover the transitional allowance after the end of a Member’s term of office.,The amount of assigned revenue in accordance with Article 21(3) of the Financial Regulation is estimated at EUR 5 000.
nmc-expenditure,Presidency Conclusions, Conference of Speakers of EU Parliaments, Copenhagen 2006 and Bratislava 2007.,Bureau Decision of 18 June 2007.,Geographical area covered: countries outside the European Union with the exception of European Union candidate and potential candidate countries.,This appropriation is intended to cover the expenditure committed for promoting relations between the European Parliament and democratically elected national parliaments from third countries as well as with corresponding regional parliamentary organisations. It relates notably to activities aimed at strengthening the parliamentary capacity in new and emerging democracies, promoting human rights and encouraging the use of new information and communication technologies by parliaments.
Treaty on European Union, and in particular Article 10(4) thereof.,Treaty on the Functioning of the European Union, and in particular Article 224 thereof.,Regulation (EC) No 2004/2003 of the European Parliament and of the Council of 4 November 2003 on the regulations governing political parties at European level and the rules regarding their funding (OJ L 297, 15.11.2003, p. 1).,Decision of the Bureau of the European Parliament of 29 March 2004 laying down the procedures for implementing Regulation (EC) No 2004/2003 of the European Parliament and of the Council on the regulations governing political parties at European level and the rules regarding their funding (OJ C 112, 9.4.2011, p. 1).,This appropriation is intended to finance political parties at European level.
Treaty on European Union, and in particular Article 10(4) thereof.,Treaty on the Functioning of the European Union, and in particular Article 224 thereof.,Regulation (EC) No 2004/2003 of the European Parliament and of the Council of 4 November 2003 on the regulations governing political parties at European level and the rules regarding their funding (OJ L 297, 15.11.2003, p. 1).,Decision of the Bureau of the European Parliament of 29 March 2004 laying down the procedures for implementing Regulation (EC) No 2004/2003 of the European Parliament and of the Council on the regulations governing political parties at European level and the rules regarding their funding (OJ C 112, 9.4.2011, p. 1).,This appropriation is intended to finance political foundations at European level.
nmc-expenditure,nmc-title,p,p,p
nmc-expenditure,nmc-title,Implementing measures for the Statute for Members of the European Parliament, and in particular Article 44 thereof.,Bureau Decision of 4 May 2009 on language and computer courses for Members.,This appropriation is intended to cover the cost of language and IT courses for Members.
nmc-expenditure,nmc-title,This appropriation is intended to cover the purchase, hire, maintenance and repair of furniture, including the purchase of ergonomic furniture, the replacement of worn-out and broken furniture and office machines. It is also intended to cover miscellaneous expenditure on managing the European Parliament’s furniture stock.,In connection with works of art, this appropriation is intended to cover both the cost of acquiring and purchasing specific material and the current expenditure relating thereto, such as experts, conservation, framing, restoration, cleaning, insurance and ad hoc transport costs.,The amount of assigned revenue in accordance with Article 21(3) of the Financial Regulation is estimated at EUR 5 000.
nmc-expenditure,nmc-title,This appropriation is intended to cover charges for postage, processing and delivery by national postal services or private delivery firms.,This appropriation is also intended to cover mail-handling services.,The amount of assigned revenue in accordance with Article 21(3) of the Financial Regulation is estimated at EUR 5 000.
nmc-expenditure,nmc-title,Staff Regulations of Officials of the European Union, and in particular Article 71 thereof and Articles 11, 12 and 13 of Annex VII thereto.,This appropriation is intended to cover expenditure on duty travel by staff of the institution, seconded national experts and trainees between place of employment and any of the European Parliament’s three places of work (Brussels, Luxembourg and Strasbourg) and on missions to any location other than the three places of work. Expenditure is made up of transport costs, daily allowances, accommodation costs and compensatory allowances for unsocial hours. Ancillary costs (including cancellation of tickets and hotel reservations, electronic invoicing costs and mission insurance costs) are also covered.,The amount of assigned revenue in accordance with Article 21(3) of the Financial Regulation is estimated at EUR 360 000.
nmc-expenditure,nmc-title,nmc-chapter,p,p
nmc-expenditure,nmc-title,nmc-chapter,This appropriation is intended to cover the effects of any adjustments to payments to Members of the institution.,It is purely provisional and may be used only after its transfer to other headings in accordance with the Financial Regulation.
nmc-expenditure,nmc-title,nmc-chapter,This appropriation is intended to cover the effects of any salary adjustments decided by the Council during the financial year.,It is provisional and may be used only after its transfer to the appropriate headings of this chapter.
nmc-expenditure,nmc-title,nmc-chapter,This appropriation is intended to cover the effects of any salary adjustments decided by the Council during the financial year.,It is provisional and may be used only after its transfer to the appropriate headings of this Chapter.
nmc-expenditure,nmc-title,nmc-chapter,This appropriation is intended to cover the purchase, maintenance, use and repair of vehicles (fleet of cars and bicycles) and the hire of cars, taxis, coaches and lorries, with or without drivers, including the necessary insurance cover and other management costs. When replacing the car fleet or purchasing or hiring vehicles, preference will be given to cars that are the least polluting for the environment, such as hybrid cars.,The amount of assigned revenue in accordance with Article 21(3) of the Financial Regulation is estimated at EUR 175 000.
nmc-expenditure,nmc-title,nmc-chapter,This appropriation is intended to cover the purchase of paper, envelopes, office supplies, supplies for the print shop and document reproduction workshops, etc., together with the related management costs.,The amount of assigned revenue in accordance with Article 21(3) of the Financial Regulation is estimated at EUR 15 000.
nmc-expenditure,nmc-title,nmc-chapter,

This appropriation is intended to cover the cost of removal and handling work carried out by removal firms or by temporary handling staff supplied by outside agencies.,The amount of assigned revenue in accordance with Article 21(3) of the Financial Regulation is estimated at EUR 40 000.
nmc-expenditure,nmc-title,nmc-chapter,nmc-article,nmc-item,bud-remarks,int.li,p
nmc-expenditure,nmc-title,nmc-chapter,nmc-article,nmc-item,bud-remarks,int.li,This appropriation is mainly intended to cover, for officials and temporary staff holding a post provided for in the establishment plan: 
nmc-expenditure,nmc-title,nmc-chapter,nmc-article,nmc-item,bud-remarks,funding of cooperation programmes and training schemes for officials of the aforementioned parliaments and, in general, activities to strengthen their parliamentary capacities.,Training schemes include study visits to the European Parliament in Brussels, Luxembourg and Strasbourg; the appropriation is intended to cover all or part of the expenditure incurred by participants, in particular travelling costs, travel expenses, accommodation and daily allowances,
nmc-expenditure,nmc-title,nmc-chapter,nmc-article,nmc-item,bud-remarks,item,p
nmc-expenditure,nmc-title,nmc-chapter,nmc-article,nmc-item,bud-remarks,item,salaries, allowances and other payments related to salaries,
nmc-expenditure,nmc-title,nmc-chapter,nmc-article,nmc-item,bud-remarks,item,insurance against sickness, accident and occupational disease and other social security contributions,
nmc-expenditure,nmc-title,nmc-chapter,nmc-article,nmc-item,bud-remarks,item,flat-rate overtime allowances,
nmc-expenditure,nmc-title,nmc-chapter,nmc-article,nmc-item,bud-remarks,item,miscellaneous allowances and grants,
nmc-expenditure,nmc-title,nmc-chapter,nmc-article,nmc-item,bud-remarks,item,payment of travel expenses for officials or temporary staff, their spouses and dependants from their place of employment to their place of origin,
nmc-expenditure,nmc-title,nmc-chapter,nmc-article,nmc-item,bud-remarks,item,the impact of salary weightings applicable to remuneration and to the part of emoluments transferred to a country other than the country of employment,
nmc-expenditure,nmc-title,nmc-chapter,nmc-article,nmc-item,bud-remarks,item,unemployment insurance for temporary staff and payments made by the institution to allow temporary staff to constitute or maintain pension rights in their country of origin.
int.li,p
int.li,This appropriation is intended to cover: 
int.li,This appropriation is intended to cover the following expenditure:
int.li,This appropriation is intended to cover expenditure on property management not specifically provided for in the other articles in this Chapter, i.e.: 
int.li,This appropriation is intended to cover: 
item,p
item,travel expenses due to officials and temporary staff (including their families) entering or leaving the service or being transferred to another place of employment,
item,installation/resettlement allowances and removal expenses due to officials and temporary staff obliged to change their place of residence on taking up duty, on transfer to a new place of employment and on finally leaving the institution and resettling elsewhere,
item,daily subsistence allowance for officials and temporary staff who furnish evidence that they must change their place of residence on taking up duty or transferring to a new place of employment,
item,the compensation for a probationary official who is dismissed because his work is obviously inadequate,
item,compensation for a member of the temporary staff whose contract is terminated by the institution,
item,the difference between the contributions paid by contract staff to a Member State pension scheme and those payable to the Union scheme in the event of reclassification of a contract.
item,the fees, social security contributions, travel expenses and subsistence allowances of auxiliary conference interpreters used by the European Parliament to service meetings organised by the European Parliament or by other institutions which cannot be serviced by European Parliament interpreters (officials and temporary staff),
item,expenditure on conference agencies, technicians and administrators used to service the above meetings where they cannot be serviced by officials, temporary staff or other staff,
item,services provided to the European Parliament by interpreters who are officials or temporary staff members in other institutions,
item,expenses in connection with services provided to the European Parliament by interpreters who are staff members of regional, national or international institutions, 
item,language-related interinstitutional cooperation,
item,expenses in connection with interpretation-related activities, in particular preparation for meetings and interpreter training and selection. 
item,waste management and treatment,
item,mandatory inspections, quality checks, expert opinions, audits, compliance monitoring, etc.,
item,technical library,
item,management support (building helpdesk),
item,taking care of building drawings and information media,
item,other expenditure.
item,costs which may be awarded against the European Parliament by the Court of Justice, the General Court, the Civil Service Tribunal or national courts,
item,the cost of hiring outside lawyers to represent the European Parliament in Union and national courts, and the cost of hiring legal advisers or experts to assist the Legal Service,
item,reimbursement of lawyers’ fees in connection with disciplinary and equivalent proceedings,
item,damages and interest expenses, 
item,agreed compensation through amicable settlement pursuant to Articles 69 and 70 of the Rules of Procedure of the European Union Civil Service Tribunal.
nmc-expenditure,nmc-title,nmc-chapter,nmc-article,int.li,p
nmc-expenditure,nmc-title,nmc-chapter,nmc-article,int.li,This appropriation is intended to cover the allowances payable to officials:
nmc-expenditure,nmc-title,nmc-chapter,nmc-article,Council Regulation (EC, Euratom, ECSC) No 2689/95 of 17 November 1995 introducing special measures to terminate the service of temporary staff of the European Communities as a result of the accession of Austria, Finland and Sweden (OJ L 280, 23.11.1995, p. 4).,

Council Regulation (EC, Euratom) No 1748/2002 of 30 September 2002 introducing, in the context of the modernisation of the institution, special measures to terminate the service of Officials of the European Communities appointed to an established post in the European Parliament and temporary staff working in the Political Groups of the European Parliament (OJ L 264, 2.10.2002, p. 9).
nmc-expenditure,nmc-title,nmc-chapter,nmc-article,int.li,This appropriation is intended to cover the following expenditure: 
nmc-expenditure,nmc-title,nmc-chapter,nmc-article,int.li,This appropriation is intended to cover: 
nmc-expenditure,nmc-title,nmc-chapter,nmc-article,This appropriation is intended to cover the translation, typing, coding and technical assistance work sent to outside suppliers.,The amount of assigned revenue in accordance with Article 21(3) of the Financial Regulation is estimated at EUR 200 000.
nmc-expenditure,nmc-title,nmc-chapter,nmc-article,int.li,This appropriation is intended to cover:
nmc-expenditure,nmc-title,nmc-chapter,nmc-article,int.li,This appropriation is intended to cover:
nmc-expenditure,nmc-title,nmc-chapter,nmc-article,This appropriation is intended to cover restaurant and canteen management and operating costs.,The amount of assigned revenue in accordance with Article 21(3) of the Financial Regulation is estimated at EUR 2 000 000.
nmc-expenditure,nmc-title,nmc-chapter,nmc-article,This appropriation is intended to cover the European Parliament’s contribution to all the expenditure of the Early Childhood Centre and outside crèches with which an agreement has been concluded.,The amount of assigned revenue in accordance with Article 21(3) of the Financial Regulation from parental contributions is estimated at EUR 2 200 000.
nmc-expenditure,nmc-title,nmc-chapter,nmc-article,This appropriation is intended to cover, in particular, water, gas, electricity and heating costs.,The amount of assigned revenue in accordance with Article 21(3) of the Financial Regulation is estimated at EUR 82 000.
nmc-expenditure,nmc-title,nmc-chapter,nmc-article,This appropriation is intended to cover expenditure on the purchase, hire, servicing and maintenance of hardware and software and on outside assistance from service bureaux and IT consultants for business-as-usual operations to ensure that the European Parliament’s computing and telecommunications systems function properly. That expenditure relates mainly to systems at the computer and telecommunications centre, computing at departmental level and network management operations.,The amount of assigned revenue in accordance with Article 21(3) of the Financial Regulation is estimated at EUR 155 000.
nmc-expenditure,nmc-title,nmc-chapter,nmc-article,This appropriation is intended to cover expenditure on the purchase, hire, servicing and maintenance of hardware and software and on outside assistance from service bureaux and IT consultants for business-as-usual operations to manage and maintain the European Parliament's computing and telecommunications system infrastructure. That expenditure relates mainly to network, cabling, telecommunications, individual equipment and voting system infrastructure.,The amount of assigned revenue in accordance with Article 21(3) of the Financial Regulation is estimated at EUR 164 000.
nmc-expenditure,nmc-title,nmc-chapter,nmc-article,This appropriation is intended to cover expenditure on the purchase, hire, servicing and maintenance of hardware and software and on outside assistance from service bureaux and IT consultants for business-as-usual operations to provide assistance and support for users of the European Parliament’s computing and telecommunications systems. That expenditure relates mainly to support services for Members and for administrative and legislative applications.,The amount of assigned revenue in accordance with Article 21(3) of the Financial Regulation is estimated at EUR 77 000.
nmc-expenditure,nmc-title,nmc-chapter,nmc-article,This appropriation is intended to cover expenditure on the purchase, hire, servicing and maintenance of hardware and software and on outside assistance from service bureaux and IT consultants for business-as-usual operations connected with ICT applications management in the European Parliament. That expenditure relates mainly to applications for Members and communication activities, as well as administrative and legislative applications.,The amount of assigned revenue in accordance with Article 21(3) of the Financial Regulation is estimated at EUR 70 000.
nmc-expenditure,nmc-title,nmc-chapter,nmc-article,This appropriation is intended to cover expenditure on the purchase of hardware and software and on outside assistance from service bureaux and IT consultants for investments connected to the European Parliament’s computing and telecommunications system infrastructure. The investments relate mainly to systems at the computer and telecommunications centre, networks, cabling and video-conferencing systems.,The amount of assigned revenue in accordance with Article 21(3) of the Financial Regulation is estimated at EUR 94 000.
nmc-expenditure,nmc-title,nmc-chapter,nmc-article,This appropriation is intended to cover expenditure on the purchase of hardware and software and on outside assistance from service bureaux and IT consultants for investments relating to ongoing and new ICT projects. The investments relate mainly to applications for Members, legislative, administrative and financial applications and ICT governance applications.,The amount of assigned revenue in accordance with Article 21(3) of the Financial Regulation is estimated at EUR 72 000.
nmc-expenditure,nmc-title,nmc-chapter,nmc-article,int.li,This appropriation is intended to cover, inter alia:
nmc-expenditure,nmc-title,nmc-chapter,nmc-article,This appropriation is intended to cover the running costs of the travel agency under contract to the European Parliament. ,The amount of assigned revenue in accordance with Article 21(3) of the Financial Regulation is estimated at EUR 50 000.
nmc-expenditure,nmc-title,nmc-chapter,nmc-article,This appropriation is intended to cover the institution’s share of the Publications Office’s expenditure on publishing and dissemination and other ancillary costs with regard to the texts to be published in the Official Journal of the European Union.,The amount of assigned revenue in accordance with Article 21(3) of the Financial Regulation is estimated at EUR 100 000.
nmc-expenditure,nmc-title,nmc-chapter,nmc-article,int.li,This appropriation is intended to cover: 
nmc-expenditure,nmc-title,nmc-chapter,nmc-article,This appropriation is intended to cover expenditure on information publications, including electronic publications, information activities, public relations, participation in public events, trade fairs and exhibitions in the Member States and the accession countries and the countries in which the European Parliament has a liaison office, and updating of the Legislative Observatory (OEIL).,The amount of assigned revenue in accordance with Article 21(3) of the Financial Regulation is estimated at EUR 5 000.
nmc-expenditure,nmc-title,nmc-chapter,nmc-article,This appropriation is intended to finance the Parlamentarium — the European Parliament Visitors’ Centre.,The amount of assigned revenue in accordance with Article 21(3) of the Financial Regulation is estimated at EUR 5 000.
nmc-expenditure,nmc-title,nmc-chapter,nmc-article,This appropriation is intended to finance the activities of the House of European History, such as performing specific fitting-out work, acquiring collections and organising exhibitions, as well as its running costs, including expenditure on books, magazines and other publications related to the House’s activities. ,The amount of assigned revenue in accordance with Article 21(3) of the Financial Regulation is estimated at EUR 5 000 000.
nmc-expenditure,nmc-title,nmc-chapter,nmc-article,item,p
nmc-expenditure,nmc-title,nmc-chapter,nmc-article,item,assigned non-active status in connection with action to reduce the number of posts in the institution,
nmc-expenditure,nmc-title,nmc-chapter,nmc-article,item,holding an AD 16 or AD 15 post who are retired in the interests of the service.
nmc-expenditure,nmc-title,nmc-chapter,nmc-article,item,the remuneration, including allocations and allowances, of other staff, including contract and local staff and special advisers (within the meaning of the Conditions of Employment of Other Servants of the European Union), employer’s contributions to the various social security schemes and the impact of salary weightings applicable to the remuneration of these staff,
nmc-expenditure,nmc-title,nmc-chapter,nmc-article,item,the employment of temporary agency staff.
nmc-expenditure,nmc-title,nmc-chapter,nmc-article,item,emoluments for graduate trainees (scholarships), including any household allowances, 
nmc-expenditure,nmc-title,nmc-chapter,nmc-article,item,travel expenses for all trainees,
nmc-expenditure,nmc-title,nmc-chapter,nmc-article,item,the costs of an additional disability payment (of up to 50% of the scholarship),
nmc-expenditure,nmc-title,nmc-chapter,nmc-article,item,allowances for persons on training placements, 
nmc-expenditure,nmc-title,nmc-chapter,nmc-article,item,the costs of sickness and accident insurance for all trainees,
nmc-expenditure,nmc-title,nmc-chapter,nmc-article,item,expenditure arising from movements between the European Parliament and the public sector in the Member States or other countries specified in the rules, 
nmc-expenditure,nmc-title,nmc-chapter,nmc-article,item,expenditure arising from the secondment of national experts to the European Parliament,
nmc-expenditure,nmc-title,nmc-chapter,nmc-article,item,the organising of training schemes for conference interpreters and translators, inter alia in cooperation with schools of interpreting and universities providing training in translation, as well as grants for the training and further training of interpreters and translators, purchase of teaching materials, and associated costs,
nmc-expenditure,nmc-title,nmc-chapter,nmc-article,item,additional costs for trainees on the pilot programme of traineeships for persons with disabilities, directly related to their disability, in accordance with Article 20(8) of the Internal Rules governing traineeships and study visits in the Secretariat of the European Parliament.
nmc-expenditure,nmc-title,nmc-chapter,nmc-article,item,expenditure related to actions decided on by the Interinstitutional Committee on Translation and Interpretation with a view to promoting interinstitutional cooperation in the sphere of languages,
nmc-expenditure,nmc-title,nmc-chapter,nmc-article,item,expenditure on publications, information activities, public relations, and participation in public events, exhibitions and language fairs.
nmc-expenditure,nmc-title,nmc-chapter,nmc-article,item,expenditure on organising the competitions provided for in Article 3 of Decision 2002/621/EC and travel and subsistence expenses for applicants called for interviews and medical examinations,
nmc-expenditure,nmc-title,nmc-chapter,nmc-article,item,the costs of organising procedures for selecting staff.
nmc-expenditure,nmc-title,nmc-chapter,nmc-article,item,expenditure connected with the organisation of meetings outside the places of work (committees and committee delegations, political groups), including, where appropriate, representation expenditure,
nmc-expenditure,nmc-title,nmc-chapter,nmc-article,item,affiliation fees in respect of international organisations to which the European Parliament or one of its bodies belongs (Interparliamentary Union, Association of Secretaries-General of Parliaments, Twelve Plus Group within the Interparliamentary Union).
nmc-expenditure,nmc-title,nmc-chapter,nmc-article,item,all costs for digital publishing (Intranet sites) and traditional publishing (miscellaneous documents and printed matter subcontracted out), including distribution,
nmc-expenditure,nmc-title,nmc-chapter,nmc-article,item,upgrading and evolutive and corrective maintenance of editorial and translation systems.
nmc-expenditure,nmc-title,nmc-chapter,int.li,p
nmc-expenditure,nmc-title,nmc-chapter,int.li,This appropriation is intended to fund:
nmc-expenditure,nmc-title,nmc-chapter,int.li,This appropriation is intended to cover: 
nmc-expenditure,nmc-title,nmc-chapter,int.li,This appropriation is intended to cover expenditure, other than that covered by Chapter 1 0 and Article 3 0 0, connected with the organisation of meetings of: 
nmc-expenditure,nmc-title,nmc-chapter,int.li,This appropriation is intended to cover:
nmc-expenditure,nmc-title,nmc-chapter,int.li,This appropriation is intended to cover the cost of outside archiving services, such as: 
nmc-expenditure,nmc-title,nmc-chapter,int.li,This appropriation is intended to cover: 
nmc-expenditure,nmc-title,nmc-chapter,int.li,This appropriation is intended to cover, in respect of the political groups and the non-attached Members:
nmc-expenditure,nmc-title,nmc-chapter,item,p
nmc-expenditure,nmc-title,nmc-chapter,item,the allowances payable under the Staff Regulations or Council Regulations (EC, Euratom, ESCS) No 2689/95 and (EC, Euratom) No 1748/2002,
nmc-expenditure,nmc-title,nmc-chapter,item,the employer’s contributions towards sickness insurance for the recipients of the allowances,
nmc-expenditure,nmc-title,nmc-chapter,item,the impact of the weightings applicable to the various allowances.
nmc-expenditure,nmc-title,nmc-chapter,item,expenses related to the obligations of the institution regarding receptions, including in connection with work carried out by the institution’s unit for Scientific and Technological Options Assessment (STOA), and representation expenses for Members of the institution,
nmc-expenditure,nmc-title,nmc-chapter,item,representation expenses of the President when he or she is travelling outside the places of work,
nmc-expenditure,nmc-title,nmc-chapter,item,representation expenses and the contribution to the secretarial expenses of the President’s office,
nmc-expenditure,nmc-title,nmc-chapter,item,the Secretariat’s reception and representation expenses, including the purchase of items and medals for officials who have completed 15 or 25 years’ service,
nmc-expenditure,nmc-title,nmc-chapter,item,miscellaneous protocol expenditure, such as on flags, display stands, invitation cards, printed menus, etc.,
nmc-expenditure,nmc-title,nmc-chapter,item,travel and subsistence expenses incurred by VIP visitors to the institution,
nmc-expenditure,nmc-title,nmc-chapter,item,visa costs relating to official travel by Members and staff,
nmc-expenditure,nmc-title,nmc-chapter,item,reception and representation expenses and the other specific expenses for Members performing official duties at the European Parliament.
nmc-expenditure,nmc-title,nmc-chapter,item,delegations to the ACP-EU Joint Parliamentary Assembly, the EuroLat Parliamentary Assembly and the Euronest Parliamentary Assembly and their bodies, 
nmc-expenditure,nmc-title,nmc-chapter,item,the Parliamentary Assembly of the Union for the Mediterranean (UfMPA), its committees and its Bureau; this expenditure includes the European Parliament’s contribution to the budget of the autonomous secretariat of the UfMPA or the direct defrayal of expenses representing the European Parliament’s share of the budget of the UfMPA, 
nmc-expenditure,nmc-title,nmc-chapter,item,interparliamentary delegations, ad hoc delegations, joint parliamentary committees, parliamentary cooperation committees, parliamentary delegations to the WTO, and the Parliamentary Conference on the WTO and its Steering Committee.
nmc-expenditure,nmc-title,nmc-chapter,item,the expansion and renewal of the general reference section and the updating of the library’s collection,
nmc-expenditure,nmc-title,nmc-chapter,item,subscriptions to newspapers and periodicals and news agencies and to the publications thereof and online services, including copyright fees for the reproduction and dissemination of the above in written and/or electronic form and service contracts for press reviews and cuttings,
nmc-expenditure,nmc-title,nmc-chapter,item,subscriptions or service contracts for the supply of summaries and analyses of the content of periodicals or the storage on optical media of articles taken from such periodicals,
nmc-expenditure,nmc-title,nmc-chapter,item,utilising external documentary and statistical databases (computer hardware and telecommunications charges excepted),
nmc-expenditure,nmc-title,nmc-chapter,item,the obligations assumed by the European Parliament under international and/or interinstitutional cooperation arrangements,
nmc-expenditure,nmc-title,nmc-chapter,item,the purchase or rental of special library, documentation and media library materials, including electrical, electronic and computer facilities and/or systems, as well as outside services for the acquisition, development, installation, use and maintenance of these facilities and systems,
nmc-expenditure,nmc-title,nmc-chapter,item,the cost of services relating to library activities, in particular in dealings with library customers (enquiries, analyses), and quality management systems, etc.,
nmc-expenditure,nmc-title,nmc-chapter,item,the costs of binding and conservation materials and work for the library, documentation service and multimedia resource centre,
nmc-expenditure,nmc-title,nmc-chapter,item,the cost, including materials, of internal publications (brochures, studies, etc.) and communication (newsletters, videos, CD-ROMs etc.),
nmc-expenditure,nmc-title,nmc-chapter,item,the purchase of new dictionaries and glossaries, or the replacement thereof, regardless of medium, including for the new language sections, and other works for the language services and the Legislative Quality Units.
nmc-expenditure,nmc-title,nmc-chapter,item,the transfer of main archives onto various media (microfilm, disc, cassette, etc.), the purchase, hire, upkeep and repair of special facilities and materials (electronic, computerised and electrical, books and magazines), including the related outside services,
nmc-expenditure,nmc-title,nmc-chapter,item,expenditure on publications on all media (brochures, CD-ROM, etc.),
nmc-expenditure,nmc-title,nmc-chapter,item,external activities to acquire primary archive sources (first-hand accounts gathered by reporters and/or historians and/or archivists, etc.) or secondary archive sources (documents on any medium).
nmc-expenditure,nmc-title,nmc-chapter,item,the operating budget of the audiovisual sector (including services under its own control and outside assistance such as technical services for radio and television stations, provision, production and co-production of audiovisual programmes, the hiring of lines, the transmission of television and radio programmes, and other measures to develop relations between the institution and audiovisual broadcasting bodies),
nmc-expenditure,nmc-title,nmc-chapter,item,expenditure on live Internet broadcasting of plenary sittings and parliamentary committee meetings,
nmc-expenditure,nmc-title,nmc-chapter,item,the establishment of appropriate archives ensuring uninterrupted media and public access to that information.
nmc-expenditure,nmc-title,nmc-chapter,item,secretarial, administrative and operational expenditure,
nmc-expenditure,nmc-title,nmc-chapter,item,expenditure on political and information activities conducted in connection with the Union’s political activities.
nmc-expenditure,nmc-title,nmc-chapter,nmc-article,nmc-item,int.li,p
nmc-expenditure,nmc-title,nmc-chapter,nmc-article,nmc-item,int.li,as part of an interinstitutional policy to assist persons with a disability in the following categories:
nmc-expenditure,nmc-title,nmc-chapter,nmc-article,nmc-item,item,p
nmc-expenditure,nmc-title,nmc-chapter,nmc-article,nmc-item,item,officials and temporary staff in active employment,
nmc-expenditure,nmc-title,nmc-chapter,nmc-article,nmc-item,item,spouses of officials and temporary staff in active employment,
nmc-expenditure,nmc-title,nmc-chapter,nmc-article,nmc-item,item,dependent children within the meaning of the Staff Regulations of Officials of the European Union,
nmc-expenditure,p,p
nmc-expenditure,Since risk cover has been revoked by insurance companies, the risk of industrial conflicts and terrorist attacks for the European Parliament buildings needs to be covered through the general budget of the European Union.,The appropriations of this title accordingly cover all expenses in connection with damage resulting from industrial conflicts and terrorist attacks.
nmc-expenditure,int.li,p
nmc-expenditure,int.li,This appropriation is intended to cover the purchase, hire, maintenance, repair and management of technical equipment and installations, and in particular of:
nmc-expenditure,int.li,This appropriation is intended to cover: 
nmc-expenditure,int.li,This appropriation is intended to cover: 
nmc-expenditure,int.li,This appropriation is intended to cover:
nmc-expenditure,item,p
nmc-expenditure,item,miscellaneous fixed and mobile technical installations and equipment in connection with publishing, security, canteens and buildings, etc.,
nmc-expenditure,item,equipment in particular for the printshop, telephone service, canteens, staff shops, security, conferences, and the audiovisual sector, etc.,
nmc-expenditure,item,special equipment (electronic, computing and electrical) and related external services,
nmc-expenditure,item,installation of two additional telephone lines in Members’ offices upon request.
nmc-expenditure,item,insurance not specifically provided for in another item,
nmc-expenditure,item,the purchase and maintenance of uniforms for ushers, drivers, receptionists, warehouse staff, removal men and staff in the Visits and Seminars Unit, the Parlamentarium, the medical services, the security and building maintenance services and various technical services,
nmc-expenditure,item,miscellaneous operating and management expenses, purchases of goods or services not specifically provided for against another heading,
nmc-expenditure,item,miscellaneous purchases in connection with Eco-Management Audit Scheme (EMAS) activities (promotional campaigns, etc.).
nmc-expenditure,item,the cost of contracts with qualified experts and research institutes for studies and other research activities (workshops, round tables, expert panels and conferences) carried out for the European Parliament’s governing bodies and the Administration, including for the establishment of the House of European History,
nmc-expenditure,item,study appraisal costs and STOA’s participation in scientific bodies, 
nmc-expenditure,item,the travel, subsistence and incidental expenses of experts and other persons, including petitioners to the European Parliament, invited to take part in committee, delegation, study group or working party meetings,
nmc-expenditure,item,expenditure on calling in outside persons to take part in the work of bodies such as the Disciplinary Board or the Specialised Financial Irregularities Panel.
nmc-expenditure,item,expenditure or subsidies connected with the organisation of national and multinational symposia and seminars for opinion multipliers from the Member States, the accession countries and the countries in which the European Parliament has a liaison office, the cost of organising parliamentary symposia and seminars, and the financing of cultural projects of European interest, such as the European Parliament LUX Prize for European Cinema,
nmc-expenditure,item,the Sakharov Prize money, prize winners' travel and subsistence expenses, and the operating expenses of the Sakharov Network and its members mission expenses, 
nmc-expenditure,item,expenditure on joint meetings of young political leaders from the European Union, Israel, Palestine and European Union neighbourhood countries, 
nmc-expenditure,item,expenditure on special events in the Chamber in Strasbourg and Brussels in accordance with the annual programme adopted by the Bureau,
nmc-expenditure,item,multilingualism support measures and tools such as seminars and conferences, meetings with interpreter training providers, measures and actions to raise awareness for multilingualism and promote the profession of interpreter, including a programme of grants for universities, schools and other organisations offering interpreting courses, virtual communication solutions, as well as participation in similar actions and measures organised jointly with other services in the context of interinstitutional and international cooperation.
nmc-expenditure,nmc-title,nmc-chapter,nmc-article,bud-data,figure,alias
nmc-expenditure,nmc-title,nmc-chapter,nmc-article,bud-data,1 546 000,10 0
nmc-expenditure,nmc-title,nmc-chapter,nmc-article,bud-data,total,figure
nmc-expenditure,nmc-title,nmc-chapter,nmc-article,bud-data,total,187 345 000
nmc-expenditure,nmc-title,nmc-chapter,p,p,p,p,p,p,p
nmc-expenditure,nmc-title,nmc-chapter,Statute for Members of the European Parliament, and in particular Article 21 thereof.,Implementing measures for the Statute for Members of the European Parliament, and in particular Articles 33 to 44 thereof.,Conditions of Employment of Other Servants of the European Union, and in particular Articles 5a and 125 to 139 thereof.,Implementing measures for Title VII of the Conditions of Employment of Other Servants of the Communities adopted by the Bureau.,This appropriation is intended to cover parliamentary assistance expenses.,This appropriation is intended to cover exchange differences to be met from the budget of the European Parliament in accordance with the provisions applicable to reimbursement of parliamentary assistance expenses.,The amount of assigned revenue in accordance with Article 21(3) of the Financial Regulation is estimated at EUR 400 000.
nmc-expenditure,nmc-title,amount,figure
nmc-expenditure,nmc-title,amount,p.m.
nmc-expenditure,nmc-title,amount,12 912 765
nmc-expenditure,nmc-title,amount,0,—
nmc-expenditure,nmc-title,amount,13 000 000
nmc-expenditure,nmc-title,amount,9 000 000
nmc-expenditure,nmc-title,amount,0,—
nmc-expenditure,nmc-title,amount,p.m.
nmc-expenditure,nmc-title,amount,p.m.
nmc-expenditure,nmc-title,amount,0,—
nmc-expenditure,nmc-title,amount,p.m.
nmc-expenditure,nmc-title,amount,p.m.
nmc-expenditure,nmc-title,amount,0,—
nmc-expenditure,nmc-title,amount,p.m.
nmc-expenditure,nmc-title,amount,p.m.
nmc-expenditure,nmc-title,amount,0,—
nmc-expenditure,nmc-title,amount,p.m.
nmc-expenditure,nmc-title,amount,p.m.
nmc-expenditure,nmc-title,amount,0,—
nmc-expenditure,nmc-title,amount,p.m.
nmc-expenditure,nmc-title,amount,1 000 000
nmc-expenditure,nmc-title,amount,0,—
